dulces,licores,frituras,juguetes,revistas,estado,ganancia
37.86,45.38,12.29,5.86,,Monterrey,362.54
21.45,43.58,34.16,10.61,7.45,Michoacán,265.49
19.07,22.2,24.45,14.52,7.29,Michoacán,167.81
32.05,73.04,,8.66,9.3,Michoacán,300.99
38.78,60.59,29.71,20.51,4.08,Jalisco,450.91
26.92,,11.81,,2.77,CDMX,444.45
49.23,59.94,15.31,9.24,2.02,Yucatán,362.3
37.39,40.58,23.2,19.94,5.58,Michoacán,297.65
29.24,50.41,12.11,10.23,6.14,Jalisco,305.72
25.68,27.72,10.34,11.94,14.59,Jalisco,284.94
23.73,29.7,26.36,10.25,4.83,Jalisco,305.13
39.16,39.44,9.12,9.24,9.08,CDMX,355.85
27.54,58.62,17.47,10.58,13.29,Monterrey,406.39
12.39,55.98,14.63,12.26,11.61,Yucatán,262.81
25.92,66.52,33.26,8.77,2.77,Michoacán,301.83
39.52,51.93,23.64,,,Yucatán,354.44
17.3,,9.87,,10.65,CDMX,409.13
17.02,22.63,19.06,18.36,2.08,Monterrey,260.93
31.26,76.0,,14.2,14.39,Jalisco,491.06
,70.77,11.93,15.87,5.01,Monterrey,453.85
35.38,,27.79,22.97,8.33,Michoacán,386.45
43.98,30.42,13.05,8.64,2.93,Michoacán,229.31
38.98,28.76,30.89,10.22,3.96,CDMX,378.45
34.44,52.41,33.32,13.13,,Jalisco,419.88
38.9,70.32,10.36,9.63,3.45,CDMX,516.15
22.92,64.3,25.83,20.93,,Monterrey,439.88
24.47,35.52,24.91,8.47,8.39,CDMX,300.24
19.13,48.51,,16.4,9.42,Yucatán,273.61
21.75,34.12,25.2,6.03,12.83,Yucatán,249.18
35.24,53.85,32.42,6.67,5.27,CDMX,438.26
13.68,54.05,28.42,5.24,12.2,CDMX,395.53
27.35,24.99,25.43,16.86,14.76,Monterrey,335.8
27.23,57.97,19.55,15.91,14.09,CDMX,480.8
29.75,25.82,14.53,14.84,3.71,CDMX,302.15
27.03,21.67,13.5,10.99,7.62,Monterrey,230.1
22.49,71.31,13.86,15.6,10.53,Yucatán,336.23
27.05,34.91,31.33,14.76,2.93,CDMX,414.88
45.74,47.91,11.24,,7.2,Jalisco,357.56
,76.28,11.13,11.59,13.8,Monterrey,521.75
30.07,57.52,8.57,9.62,13.12,Yucatán,276.95
34.96,42.36,27.61,19.52,2.62,CDMX,456.55
14.62,71.11,8.14,18.95,,Michoacán,322.25
22.69,32.87,32.84,8.08,12.05,CDMX,325.31
26.59,49.3,34.22,19.49,2.92,Yucatán,334.71
44.65,53.94,14.32,18.17,10.51,Jalisco,392.0
20.02,55.15,9.1,23.12,11.86,Yucatán,309.36
,21.05,34.02,19.2,4.64,Jalisco,267.12
49.42,42.62,13.65,23.97,11.55,Michoacán,257.34
30.78,50.89,22.47,20.06,13.24,CDMX,468.3
34.52,47.47,25.52,6.62,8.99,Monterrey,359.22
,69.32,24.0,,4.3,Jalisco,411.07
43.05,63.38,30.84,9.79,14.18,CDMX,542.12
34.12,75.93,21.06,18.82,7.91,Monterrey,545.45
31.8,33.43,22.1,,11.83,Monterrey,390.27
23.71,29.37,34.97,21.96,12.52,Michoacán,266.03
22.16,,23.14,6.99,10.72,Monterrey,281.92
26.68,59.38,13.34,,3.97,Jalisco,344.13
37.25,35.1,12.53,11.72,14.01,Monterrey,318.47
45.02,59.87,31.43,10.95,12.98,CDMX,565.7
,61.0,17.71,8.68,9.63,Yucatán,354.31
36.77,24.88,33.57,12.27,9.21,Jalisco,346.94
33.44,64.4,29.75,5.07,6.3,Yucatán,373.48
35.0,38.84,33.51,20.41,13.97,CDMX,475.75
36.99,33.27,23.16,14.65,8.99,Yucatán,268.01
43.69,35.53,,,9.07,CDMX,402.27
13.33,73.78,30.97,10.96,10.11,Michoacán,323.9
40.55,56.31,23.65,19.18,7.09,Jalisco,440.26
19.75,58.98,31.43,18.4,6.24,Monterrey,447.03
17.77,33.03,15.67,21.15,12.07,Yucatán,228.17
32.9,,31.14,10.46,11.85,CDMX,430.04
,68.63,13.42,24.42,9.65,Jalisco,393.46
45.41,,15.62,15.52,10.69,Jalisco,327.96
35.09,68.76,11.91,11.34,9.83,Monterrey,442.61
38.94,32.0,11.74,14.21,7.95,Yucatán,241.01
10.65,63.94,,23.2,12.66,Jalisco,339.08
33.78,,22.45,17.08,3.9,Yucatán,235.39
32.27,69.34,26.24,17.89,,CDMX,547.06
16.36,,13.71,22.25,5.12,Yucatán,240.14
16.12,77.44,32.7,7.39,3.26,Michoacán,352.34
37.82,21.77,10.69,11.39,14.22,CDMX,278.41
,27.91,10.94,20.09,9.94,CDMX,310.82
37.68,21.64,31.86,19.61,,Jalisco,339.78
32.18,21.01,26.72,24.72,13.89,Michoacán,247.18
25.56,70.76,12.94,,4.84,Yucatán,341.24
47.01,57.89,34.61,,8.63,Michoacán,343.98
43.67,58.63,8.89,18.31,14.99,Michoacán,281.19
24.3,42.57,10.93,19.11,6.93,Monterrey,316.46
11.74,23.2,15.62,,13.79,Jalisco,239.74
22.19,45.87,27.83,16.4,10.98,Monterrey,369.42
25.93,29.44,27.3,10.56,10.38,Yucatán,230.39
38.2,76.08,29.53,11.55,3.83,Michoacán,329.76
49.81,72.71,,23.87,12.01,Yucatán,435.84
24.24,,24.19,,3.02,Jalisco,336.24
40.5,21.04,17.32,13.2,,Michoacán,194.94
33.73,21.26,18.37,,12.5,CDMX,314.39
37.67,51.73,10.61,14.53,8.4,Monterrey,419.31
16.05,,11.2,15.55,8.65,CDMX,480.99
25.96,40.54,26.82,23.2,9.06,Monterrey,396.33
19.63,59.45,8.67,,4.42,Monterrey,402.65
23.74,71.48,,8.34,5.07,Yucatán,341.53
30.53,58.17,25.88,18.01,13.68,Michoacán,277.94
36.66,20.37,,23.74,8.83,Michoacán,233.33
14.24,,9.86,21.65,9.02,Michoacán,208.23
15.24,30.49,28.72,12.54,4.23,Michoacán,212.94
22.88,68.0,20.85,14.94,12.35,Monterrey,429.08
,44.74,15.9,20.0,11.61,Michoacán,222.75
43.86,46.35,12.59,23.45,4.6,Michoacán,272.39
,38.23,24.59,16.77,8.78,Michoacán,201.72
44.18,33.77,32.95,,13.59,Yucatán,331.12
25.39,29.6,,14.48,3.24,Monterrey,258.46
22.67,44.46,31.61,22.36,9.99,Monterrey,446.86
24.17,52.25,25.91,16.06,10.06,Michoacán,298.38
16.84,74.06,8.49,,2.9,CDMX,393.71
43.16,,30.94,13.95,11.13,Michoacán,324.81
23.55,39.31,18.69,,3.01,Jalisco,292.68
32.09,69.09,30.81,18.63,5.34,CDMX,552.16
33.14,61.77,13.37,12.22,13.97,Yucatán,330.14
30.86,26.89,22.0,11.7,11.31,Yucatán,272.52
10.11,62.44,13.54,21.16,6.63,Jalisco,319.01
49.53,,21.21,16.56,6.95,Jalisco,497.48
46.21,49.83,32.89,15.94,2.12,Yucatán,383.44
18.31,49.44,21.65,8.88,,Yucatán,240.21
21.7,63.41,34.81,20.6,13.48,Monterrey,514.65
30.8,31.99,15.31,22.89,3.45,Yucatán,258.26
46.08,,24.28,14.65,,Michoacán,329.12
49.35,39.02,34.11,24.05,3.19,Yucatán,302.74
20.3,79.75,28.38,15.96,9.4,Monterrey,500.81
32.57,,26.68,,4.57,Jalisco,348.96
42.28,30.44,28.06,5.79,14.37,Michoacán,290.68
25.77,47.65,16.92,19.36,14.67,Monterrey,368.4
39.24,36.46,15.85,13.19,6.66,Jalisco,316.01
,72.24,11.91,22.26,12.68,Monterrey,431.88
34.03,,,20.0,5.72,Jalisco,445.77
44.63,61.09,32.9,9.87,11.74,Yucatán,379.39
49.34,69.09,28.65,11.05,4.3,Jalisco,477.39
13.17,36.32,34.62,6.74,10.31,Yucatán,203.57
27.13,63.96,,19.39,14.43,Michoacán,334.65
18.18,43.95,19.72,21.37,4.38,CDMX,322.39
28.03,35.27,21.95,,4.14,Jalisco,339.34
31.91,,30.25,17.33,7.8,Michoacán,354.22
13.73,53.9,28.67,8.88,14.46,Jalisco,389.14
21.87,49.78,28.92,24.32,7.78,Jalisco,376.93
,30.84,23.05,11.36,4.73,Monterrey,357.69
32.76,74.1,23.85,19.76,2.37,Monterrey,493.36
28.3,58.27,30.77,16.09,6.72,Jalisco,421.21
40.14,76.86,,16.58,,Jalisco,524.43
39.67,22.66,28.99,24.54,5.74,Michoacán,245.88
11.94,27.0,28.83,24.22,7.85,CDMX,328.23
38.35,72.64,12.28,10.23,4.41,Yucatán,334.23
43.57,47.11,31.1,17.75,,Jalisco,401.61
16.64,48.02,33.52,8.52,7.72,Jalisco,352.58
41.24,33.4,15.36,20.11,3.21,Yucatán,276.98
21.46,,13.17,16.97,6.31,Monterrey,354.39
22.26,46.31,,23.44,11.4,Jalisco,306.6
36.61,63.25,8.61,18.79,10.7,Monterrey,476.33
14.46,58.13,18.98,,11.93,Jalisco,332.36
36.59,67.94,12.83,10.85,13.8,Monterrey,450.41
,66.99,11.44,8.28,8.76,CDMX,507.97
37.85,45.29,,10.09,,Yucatán,300.8
27.61,38.09,28.57,21.35,8.35,CDMX,386.14
27.53,39.61,26.94,23.71,,CDMX,411.06
40.6,,25.98,21.99,9.0,Jalisco,534.67
32.63,,21.97,21.48,14.01,Monterrey,398.28
13.4,65.33,,11.3,14.78,CDMX,382.29
33.31,24.96,34.41,17.79,,Yucatán,305.23
,45.77,34.62,,,Jalisco,398.91
23.48,39.73,31.89,20.81,10.88,Yucatán,287.39
,,28.58,18.36,5.84,Michoacán,254.36
40.03,21.43,28.68,5.39,5.84,Jalisco,281.02
32.96,35.12,24.09,17.28,7.19,Michoacán,180.37
,67.6,11.03,6.33,10.52,Michoacán,283.37
13.17,37.85,30.19,18.17,3.8,CDMX,365.62
44.38,72.38,26.29,,9.58,Yucatán,376.93
42.86,,10.11,20.05,13.04,Monterrey,437.46
46.39,68.28,24.39,,10.26,Yucatán,411.6
15.15,,13.06,16.04,8.63,Monterrey,456.8
13.27,58.43,23.03,21.56,5.92,Yucatán,339.74
15.54,40.45,14.74,14.67,4.29,Monterrey,268.08
25.98,38.6,,22.82,4.02,CDMX,400.59
26.97,78.36,28.96,21.78,7.42,Michoacán,338.2
32.49,,9.34,6.15,,Yucatán,297.49
14.89,50.15,9.98,22.9,7.63,CDMX,320.55
18.06,32.84,34.94,17.41,10.55,Michoacán,249.0
,49.39,,24.3,,Jalisco,464.11
28.72,,16.35,19.63,14.32,Michoacán,321.79
42.32,78.48,14.42,20.77,6.15,Jalisco,467.93
10.3,60.37,19.31,15.77,7.67,Monterrey,376.99
32.06,21.48,33.54,24.3,3.58,Jalisco,305.98
47.28,47.91,26.62,19.08,6.73,Yucatán,384.02
33.29,69.66,34.83,13.39,12.34,CDMX,606.73
18.24,50.63,22.86,6.38,12.98,Michoacán,214.6
38.71,40.65,19.41,24.56,2.71,Yucatán,301.72
25.16,71.67,,22.64,9.07,Monterrey,504.17
36.74,,22.53,17.73,11.1,Monterrey,472.77
11.17,50.26,25.39,16.04,10.19,Jalisco,328.44
35.44,49.18,21.91,17.19,11.01,Yucatán,303.62
11.29,60.89,,,14.71,Yucatán,258.51
39.79,47.32,12.54,23.48,3.47,Jalisco,381.12
28.92,54.03,29.29,10.82,11.36,Yucatán,308.09
14.87,37.31,13.78,11.08,12.9,Monterrey,312.27
,30.31,10.84,5.98,12.47,Yucatán,233.07
12.67,69.2,12.42,24.81,9.75,CDMX,433.48
36.13,39.15,32.27,24.31,,CDMX,471.84
,27.54,24.83,20.72,3.99,Michoacán,271.58
40.78,31.06,28.84,,10.14,Monterrey,409.61
32.95,44.76,14.19,16.4,,Jalisco,322.81
14.11,37.13,24.98,20.48,11.31,Yucatán,258.37
37.99,61.7,13.23,9.43,12.79,Monterrey,417.71
36.45,40.99,22.06,9.37,8.45,Jalisco,316.76
11.96,55.15,9.98,16.24,2.44,CDMX,350.21
41.69,30.03,21.96,18.55,6.78,Monterrey,388.76
30.75,28.2,14.18,15.22,8.86,Michoacán,197.1
27.03,74.38,13.97,11.03,2.95,Michoacán,290.92
41.53,71.88,21.4,,3.23,Jalisco,479.62
26.46,73.86,,16.75,,Monterrey,454.24
29.24,49.61,26.95,6.19,13.17,Michoacán,291.49
17.27,,16.22,24.53,10.23,Michoacán,202.06
22.85,38.61,15.78,24.43,11.54,Michoacán,243.92
43.82,,10.27,21.86,12.05,Monterrey,525.68
17.48,45.35,16.57,,10.51,Michoacán,250.98
26.69,39.61,17.34,18.35,9.83,Michoacán,229.5
49.56,37.73,21.32,17.86,9.01,Monterrey,379.0
19.46,52.97,19.24,13.18,11.85,Yucatán,304.41
46.67,,26.84,22.62,9.77,Yucatán,333.05
46.74,42.49,20.23,16.06,8.45,Jalisco,366.98
13.65,45.38,,5.76,11.83,CDMX,369.39
28.55,36.0,22.33,10.96,5.33,Yucatán,248.89
30.09,31.51,23.87,19.87,,Michoacán,223.61
,32.11,26.82,22.09,13.62,Michoacán,229.68
11.89,22.3,26.23,17.24,14.61,Monterrey,215.75
19.67,76.74,33.22,18.16,10.9,Michoacán,361.1
13.82,77.39,27.99,20.68,,Yucatán,360.84
,26.17,33.8,13.46,2.54,Monterrey,316.03
42.31,24.43,17.23,7.77,3.96,Monterrey,317.32
45.8,44.98,34.27,10.88,13.36,Jalisco,458.19
11.73,,24.17,14.82,7.51,Yucatán,340.6
,69.56,16.37,19.19,2.41,Jalisco,408.13
49.22,21.28,,12.39,4.43,CDMX,314.86
31.58,37.0,,,,Jalisco,341.59
35.05,52.12,,13.42,8.74,Jalisco,411.53
10.22,28.11,,21.12,5.0,CDMX,345.38
29.4,78.2,28.16,17.53,14.65,CDMX,592.05
49.53,35.08,9.47,,11.76,Yucatán,290.86
25.01,51.88,28.89,10.44,11.23,Monterrey,410.89
13.88,26.58,26.57,10.25,9.85,Monterrey,289.02
28.48,40.33,30.61,,12.03,CDMX,397.03
48.52,27.39,10.83,16.87,3.57,CDMX,386.68
23.67,74.71,18.64,,13.81,Monterrey,473.92
41.96,76.99,17.1,21.14,12.45,CDMX,572.68
41.95,52.48,28.85,14.6,14.25,Michoacán,329.28
18.33,40.99,28.52,24.21,3.31,Jalisco,344.71
,39.41,21.5,9.86,2.06,Michoacán,254.48
38.62,75.42,17.82,18.54,,Yucatán,357.61
26.42,57.16,10.79,12.54,14.81,Yucatán,272.24
17.64,44.58,12.1,24.62,11.59,Yucatán,264.23
48.7,66.29,8.28,,14.09,Michoacán,307.2
36.03,52.12,,18.75,7.67,CDMX,512.18
44.62,33.08,32.85,7.83,,Jalisco,366.07
,34.31,8.9,12.26,13.75,CDMX,271.22
,36.51,29.47,19.29,2.05,Michoacán,244.75
,20.96,15.46,11.64,9.55,CDMX,281.24
12.7,,21.9,,,Yucatán,235.9
,56.68,26.72,,2.63,Monterrey,510.57
19.46,65.2,17.05,,13.86,Monterrey,443.34
24.97,26.81,34.52,7.45,13.9,Yucatán,240.55
18.56,78.33,34.61,7.5,14.44,Monterrey,500.75
14.22,49.32,26.15,5.65,,Michoacán,211.54
19.3,23.73,34.56,,8.03,Michoacán,199.28
22.02,76.4,,,9.07,Yucatán,362.46
35.38,36.3,8.33,14.98,11.97,Yucatán,236.1
21.25,38.58,30.99,7.69,8.66,Yucatán,289.0
24.49,47.56,26.7,16.06,9.88,CDMX,448.63
10.24,39.46,16.42,23.06,13.02,Monterrey,319.38
24.63,30.66,22.16,5.79,3.47,Jalisco,255.71
31.36,27.63,18.76,13.43,13.83,Yucatán,235.86
16.48,50.58,20.24,8.44,5.22,CDMX,361.05
33.9,24.23,23.39,5.72,2.3,Jalisco,263.56
21.73,62.59,21.95,5.88,2.32,Monterrey,363.68
35.28,40.51,24.59,15.63,,Monterrey,412.55
11.05,79.56,16.97,,11.38,CDMX,490.6
45.5,23.77,23.18,,13.36,Monterrey,372.2
10.64,22.91,31.3,,8.86,Yucatán,215.55
15.08,35.11,17.76,10.52,9.37,Jalisco,280.7
,41.1,15.59,11.51,3.85,CDMX,371.32
11.84,68.79,21.2,5.04,,CDMX,452.57
38.44,69.78,,,6.94,Yucatán,366.27
48.84,63.42,32.39,13.19,9.03,Monterrey,565.3
44.87,69.54,24.38,14.31,6.25,Monterrey,522.97
38.41,63.7,28.02,8.82,5.05,Michoacán,327.67
48.34,72.38,8.82,20.67,8.79,Monterrey,521.6
27.19,47.87,10.65,15.87,8.69,Yucatán,261.79
44.92,36.59,18.89,18.93,14.75,Monterrey,355.32
24.24,57.77,19.26,11.4,9.1,CDMX,463.88
47.19,41.87,9.78,16.45,12.33,CDMX,438.94
15.95,24.06,29.45,9.0,12.37,Yucatán,211.82
47.6,71.35,23.22,12.53,10.42,CDMX,573.71
43.31,70.05,21.48,16.56,5.56,Michoacán,359.68
43.84,49.78,26.24,10.59,13.24,Michoacán,345.8
14.96,47.96,26.7,9.52,9.49,Yucatán,256.26
33.86,27.13,16.93,15.23,13.82,CDMX,344.97
10.66,,,,2.67,CDMX,294.76
38.85,67.87,23.69,20.36,2.85,Monterrey,498.93
10.31,71.24,8.12,20.48,12.09,Yucatán,298.24
13.39,20.34,11.82,8.69,,Monterrey,186.42
19.02,67.03,18.53,6.25,7.04,CDMX,421.78
45.0,52.16,,17.29,4.92,Michoacán,264.16
24.54,46.24,9.47,24.0,8.39,Monterrey,375.0
,48.53,21.89,23.51,4.32,Yucatán,305.81
32.72,62.78,24.57,20.38,13.47,Michoacán,314.67
,20.14,14.55,9.45,14.24,Yucatán,159.06
32.89,23.76,32.19,9.58,9.53,Jalisco,308.33
36.44,70.48,29.85,,4.54,Jalisco,442.3
21.93,79.86,31.2,10.03,11.12,Michoacán,350.74
,34.5,20.34,18.02,,Michoacán,224.53
28.12,44.01,30.03,21.57,,CDMX,441.76
47.29,62.12,26.05,10.81,6.7,Michoacán,345.58
33.5,59.89,,,7.6,Michoacán,264.4
47.93,67.02,8.36,13.58,2.67,Michoacán,317.48
32.24,74.85,33.38,13.76,7.16,Yucatán,407.13
30.02,35.84,22.57,18.29,5.49,Monterrey,343.04
10.14,51.62,27.81,21.14,5.49,CDMX,443.52
29.24,28.43,12.36,19.32,,Michoacán,222.58
47.1,,26.85,,,Yucatán,432.98
,65.44,25.58,21.7,7.49,Jalisco,415.96
12.08,31.24,32.35,23.92,4.23,Jalisco,280.18
26.27,64.39,16.2,23.62,5.68,Monterrey,423.77
24.9,67.93,17.82,11.08,2.8,Jalisco,367.8
44.29,28.19,24.59,12.71,6.33,Monterrey,364.42
11.06,49.95,31.75,,4.96,Michoacán,248.88
46.81,69.36,15.25,18.94,8.74,Jalisco,497.84
,40.83,10.58,18.89,5.1,CDMX,411.07
46.17,,16.78,20.83,8.03,Michoacán,217.22
34.3,40.64,25.24,19.11,12.65,Michoacán,272.47
42.48,66.92,34.93,,10.83,Jalisco,488.2
23.42,26.02,12.68,16.3,7.77,CDMX,304.97
,,29.9,11.8,3.18,CDMX,353.35
25.59,71.22,14.07,10.99,2.17,Michoacán,257.69
40.19,29.72,21.89,11.22,11.25,Jalisco,302.73
24.77,43.32,28.22,12.98,4.85,Monterrey,382.33
19.69,53.25,10.92,13.46,13.25,Michoacán,193.85
,30.68,29.53,,3.06,Jalisco,372.56
46.32,62.04,,17.87,9.2,Jalisco,434.34
23.95,66.88,16.76,20.39,8.28,Yucatán,325.16
35.39,58.08,8.89,16.14,12.03,Monterrey,414.16
20.95,71.71,30.78,18.21,13.61,Yucatán,406.5
18.24,,24.26,9.32,,CDMX,325.25
23.45,20.2,12.47,18.77,2.49,Monterrey,267.97
23.08,36.02,,24.85,4.39,Yucatán,230.0
45.29,70.4,20.85,12.03,3.86,Monterrey,484.49
42.89,27.62,8.2,8.95,3.2,CDMX,381.28
38.38,,29.39,,5.62,Monterrey,501.58
48.37,,34.16,,9.53,Jalisco,552.73
26.9,53.65,8.95,16.47,7.52,Yucatán,286.39
,72.98,23.82,23.91,13.19,Yucatán,377.58
,34.89,24.51,6.1,8.11,Monterrey,278.97
22.04,63.37,8.28,21.62,5.74,Jalisco,370.39
15.81,66.81,28.67,12.23,14.28,Michoacán,298.19
13.69,49.25,15.01,,2.25,Yucatán,199.84
34.12,56.17,25.62,12.46,10.41,Yucatán,350.0
24.57,25.33,13.67,17.17,4.04,Jalisco,245.52
32.58,36.58,10.37,8.05,8.52,Monterrey,291.26
17.65,24.61,14.77,23.37,14.0,Monterrey,268.25
37.08,34.37,31.69,12.67,4.52,Yucatán,301.05
18.62,73.55,28.52,19.37,6.01,Jalisco,418.33
21.12,21.85,,24.63,6.49,Jalisco,247.15
39.67,49.81,11.13,17.19,14.35,Monterrey,402.96
32.39,51.36,13.69,21.63,10.28,Yucatán,304.52
,37.15,,9.35,,Yucatán,305.79
31.72,66.9,11.8,7.16,11.58,Jalisco,363.04
37.76,55.37,15.76,12.83,4.38,Monterrey,421.63
46.49,31.71,22.95,11.84,4.22,Jalisco,316.75
33.23,48.27,17.99,7.31,5.29,CDMX,419.3
19.31,21.4,15.27,15.06,14.28,Jalisco,269.7
39.87,21.07,26.34,20.31,4.95,Monterrey,313.83
41.11,64.09,12.23,,10.74,CDMX,497.13
18.02,30.34,20.75,12.21,8.69,Michoacán,172.43
42.82,78.11,11.12,5.74,3.85,CDMX,529.05
28.6,41.49,15.77,14.29,11.12,Yucatán,321.75
41.19,61.92,17.71,23.91,6.75,Yucatán,379.95
19.5,47.75,25.27,8.3,,Jalisco,369.81
23.3,44.57,20.37,7.28,2.2,Michoacán,210.71
48.15,60.08,15.69,7.55,6.7,Monterrey,445.2
36.31,57.56,26.47,15.63,6.96,Yucatán,346.42
40.92,72.61,20.78,,,CDMX,567.65
37.53,25.07,27.53,19.54,9.59,Monterrey,355.91
18.17,50.39,18.41,21.6,11.16,CDMX,411.0
,56.46,27.6,6.28,14.62,Michoacán,253.05
42.36,58.99,23.37,24.5,13.54,Monterrey,509.5
37.0,57.53,14.68,15.91,5.53,Yucatán,307.24
10.24,42.07,22.69,19.04,6.19,Michoacán,189.34
13.5,21.86,11.65,22.94,6.32,CDMX,253.22
23.87,62.81,8.25,10.67,12.85,Jalisco,323.16
47.77,22.63,26.66,14.15,,CDMX,390.44
29.65,,12.8,23.34,3.23,CDMX,390.01
20.81,63.15,23.99,11.44,3.14,Yucatán,268.65
24.42,36.41,,24.12,4.19,CDMX,362.22
,21.67,19.77,17.79,9.2,Monterrey,224.76
26.85,25.56,16.47,,3.97,CDMX,285.6
18.72,28.35,22.1,,12.44,CDMX,309.7
43.83,59.91,34.25,12.67,12.59,Yucatán,361.34
28.25,59.21,,9.94,,Jalisco,401.24
21.19,78.7,19.17,14.73,,Michoacán,339.14
47.32,,,20.29,3.87,CDMX,470.43
22.57,,22.22,19.61,8.96,Jalisco,320.04
46.39,30.35,34.62,19.14,8.33,Michoacán,261.28
11.74,21.93,,,2.08,Monterrey,252.59
38.28,69.43,,19.01,6.0,CDMX,453.67
29.36,24.57,12.71,14.55,8.51,Yucatán,244.11
27.77,73.62,30.64,14.78,3.99,Yucatán,353.19
11.45,22.91,17.84,17.43,5.58,Yucatán,145.88
11.63,68.8,14.66,7.8,11.62,Monterrey,396.55
,31.75,22.49,23.63,,Michoacán,196.69
47.88,,26.14,17.42,4.21,CDMX,407.6
34.71,62.09,16.53,12.16,,CDMX,500.39
24.75,20.16,,16.57,10.27,Yucatán,238.24
34.48,37.86,,18.54,10.15,CDMX,444.57
18.25,23.43,14.25,22.26,,CDMX,295.76
16.6,27.28,26.22,15.26,7.33,Yucatán,253.78
24.47,27.52,20.69,18.74,5.16,Michoacán,182.81
44.53,63.39,12.08,11.17,9.76,Jalisco,429.05
30.38,78.33,9.96,12.74,2.73,Monterrey,455.12
,34.68,24.31,,10.79,Yucatán,231.68
48.01,43.93,,18.06,9.69,Yucatán,282.57
42.64,42.46,34.28,,6.98,Jalisco,379.84
22.92,35.41,13.51,6.24,7.36,CDMX,273.62
48.88,62.76,34.64,13.0,7.99,Jalisco,495.94
49.49,36.28,16.67,6.92,4.99,Yucatán,239.07
26.35,50.86,33.03,,7.87,Jalisco,399.54
36.24,27.79,25.18,12.01,7.41,Monterrey,367.39
26.23,70.88,10.59,20.42,11.26,Yucatán,310.5
20.29,61.24,14.92,13.36,7.93,Yucatán,290.49
13.31,,18.59,,,CDMX,437.44
20.54,56.85,19.34,19.19,8.3,Jalisco,350.49
20.86,33.46,23.23,10.17,10.41,Michoacán,199.69
25.95,70.64,24.06,7.4,6.06,Jalisco,434.75
17.4,27.34,16.39,19.51,2.87,Yucatán,191.29
48.15,72.87,10.4,11.58,5.12,Jalisco,458.02
14.12,56.79,26.66,6.47,11.41,Michoacán,232.32
35.01,76.42,20.49,16.55,5.29,Jalisco,440.8
27.67,37.29,26.46,7.06,12.2,CDMX,406.23
26.94,76.12,23.34,9.99,,Michoacán,304.96
24.88,58.3,8.17,14.38,3.32,Yucatán,297.84
44.73,20.6,29.66,20.52,4.76,Jalisco,343.75
21.22,26.17,28.74,13.39,,Monterrey,295.45
10.82,,,11.03,12.81,Monterrey,392.65
46.72,25.7,29.1,8.77,13.81,CDMX,417.98
44.58,64.87,8.46,12.52,7.78,Monterrey,415.79
21.08,60.32,19.5,5.75,10.83,Monterrey,382.89
30.94,31.24,19.47,12.37,7.87,Yucatán,234.79
14.36,58.22,13.3,,,Jalisco,308.32
13.74,54.0,13.92,7.28,9.01,CDMX,340.99
43.5,34.78,9.3,8.33,9.65,Yucatán,248.06
26.41,62.45,25.76,23.6,3.04,Michoacán,329.39
36.47,35.08,33.88,,2.4,Michoacán,270.93
47.73,71.88,33.01,19.03,7.18,Jalisco,539.26
19.81,43.77,13.41,23.32,10.09,Yucatán,262.37
10.53,49.72,22.61,7.47,5.4,Jalisco,312.49
10.97,59.68,29.45,16.93,5.68,Yucatán,305.01
38.38,72.98,16.94,23.14,13.29,CDMX,557.46
46.98,47.37,,23.98,14.7,Michoacán,313.79
28.69,59.29,8.56,13.57,14.22,Jalisco,345.61
25.0,55.81,27.94,13.05,8.06,Michoacán,270.28
31.71,24.33,15.31,,10.6,Jalisco,303.21
44.36,57.97,13.09,19.65,12.76,Michoacán,324.37
36.09,22.78,32.27,22.34,11.75,Michoacán,238.34
19.32,50.34,30.33,20.48,9.9,Monterrey,426.47
40.98,26.39,29.46,18.37,3.11,Yucatán,333.43
15.38,56.52,9.51,13.03,3.15,Jalisco,310.54
16.62,63.26,33.07,13.02,,Yucatán,297.55
34.51,67.15,20.16,18.75,8.56,CDMX,506.1
19.55,55.4,,21.62,11.9,CDMX,408.35
38.19,79.36,27.75,6.35,12.82,Yucatán,411.29
23.98,41.59,9.0,22.44,8.98,Michoacán,177.7
21.1,20.68,11.99,15.64,4.54,Michoacán,117.9
49.96,69.11,19.43,15.85,,CDMX,578.84
11.62,47.14,34.23,20.6,9.79,CDMX,451.68
35.83,52.56,8.91,21.67,7.61,Michoacán,258.43
11.55,70.82,9.67,9.48,13.31,Jalisco,341.54
40.41,35.72,11.14,20.98,9.56,CDMX,392.05
19.2,39.6,16.05,5.76,11.29,CDMX,316.34
13.59,25.8,15.06,19.27,12.52,Michoacán,160.86
35.94,60.91,,,6.13,Yucatán,315.69
39.3,32.78,27.02,19.41,,Yucatán,294.64
37.12,71.19,27.62,21.8,10.82,CDMX,612.9
12.08,56.62,18.57,24.28,14.16,Monterrey,387.58
21.77,,22.57,14.37,9.28,Michoacán,307.32
28.04,23.66,23.63,15.37,13.43,Yucatán,255.51
21.48,79.5,30.21,,10.18,CDMX,539.31
42.42,43.87,19.34,10.6,3.72,Yucatán,312.3
,52.74,32.4,16.77,6.91,CDMX,485.27
,58.62,29.99,12.27,9.72,Jalisco,398.77
49.53,49.12,,,9.1,CDMX,523.29
46.1,51.67,15.81,7.09,9.16,Yucatán,342.13
18.89,45.03,27.72,7.11,14.63,CDMX,373.78
10.0,,26.89,23.27,8.7,CDMX,349.36
49.22,78.17,11.96,8.6,9.02,Monterrey,528.81
45.31,68.07,32.43,21.59,14.07,Jalisco,553.81
46.78,55.87,,19.3,4.54,Michoacán,319.37
26.62,23.39,9.74,13.77,9.95,Michoacán,163.46
39.78,73.68,8.09,9.23,13.11,Michoacán,318.01
18.51,24.64,28.72,6.02,5.02,Monterrey,280.58
25.69,66.93,8.09,22.43,3.73,CDMX,477.56
44.06,23.53,14.7,,3.65,Michoacán,195.24
15.1,65.68,34.24,8.68,14.33,Yucatán,344.37
45.75,70.67,10.79,6.31,2.81,Monterrey,429.5
,46.98,23.88,23.4,3.23,Michoacán,274.65
27.04,53.28,,10.61,4.59,Yucatán,273.39
22.23,70.25,20.48,10.23,7.95,Michoacán,305.11
46.67,78.24,24.79,17.44,12.12,Jalisco,560.67
30.7,21.07,22.35,15.44,3.24,Jalisco,227.45
42.16,27.79,26.09,10.17,13.13,CDMX,385.98
44.31,71.85,12.1,9.19,4.35,Jalisco,399.01
46.9,60.71,27.0,22.98,14.33,Michoacán,367.53
22.14,36.34,8.84,10.9,5.75,Michoacán,178.05
23.59,,16.0,6.42,5.89,Yucatán,231.4
33.8,26.67,33.04,17.49,3.37,CDMX,434.01
27.65,21.72,12.96,22.24,2.83,Michoacán,175.67
47.31,,12.17,5.87,,Yucatán,374.86
25.9,,19.11,8.23,13.14,Michoacán,254.46
29.11,61.66,,9.39,3.02,CDMX,438.49
34.69,73.07,15.63,18.87,2.67,CDMX,541.73
26.19,37.2,13.12,10.74,7.63,Yucatán,224.65
49.7,45.42,14.32,22.34,7.46,Monterrey,438.25
13.95,35.03,26.37,,13.15,Jalisco,270.66
18.82,57.52,11.09,16.54,4.34,Michoacán,243.08
22.91,58.22,11.16,6.07,12.28,Monterrey,394.18
15.91,44.47,12.28,20.66,5.93,Monterrey,312.75
,76.11,32.44,24.82,,Yucatán,407.25
41.17,49.31,30.99,,6.73,Michoacán,324.05
30.92,75.06,33.63,17.54,7.16,Jalisco,529.15
11.36,63.83,33.33,10.59,10.15,CDMX,449.27
49.3,76.32,9.68,19.71,5.24,Monterrey,511.69
34.64,65.46,30.0,14.89,2.18,CDMX,518.08
12.36,33.48,,9.15,3.77,Michoacán,163.73
36.45,61.38,,19.33,5.22,Michoacán,348.37
25.13,34.31,33.56,16.26,14.24,Monterrey,380.76
,37.44,27.11,23.46,,Jalisco,294.61
32.55,33.29,30.83,14.12,13.72,Monterrey,369.55
39.08,49.78,23.08,,9.57,Jalisco,421.84
36.85,46.04,22.16,20.98,6.0,Yucatán,299.67
19.9,,33.61,8.41,10.77,CDMX,555.25
30.99,55.59,19.51,,,Monterrey,427.27
31.51,41.59,10.6,19.73,12.73,Michoacán,250.2
38.67,57.4,13.82,5.7,9.61,Monterrey,430.76
24.39,,26.26,7.25,8.28,CDMX,355.02
41.91,70.18,18.97,23.12,,Michoacán,345.21
35.12,25.35,28.87,13.25,13.56,Michoacán,230.57
,33.12,22.43,23.8,3.5,Yucatán,228.34
31.86,25.64,11.64,10.62,4.54,Jalisco,236.61
44.48,72.03,25.87,17.78,11.39,CDMX,611.2
32.7,36.32,33.65,13.78,6.98,Yucatán,261.19
17.03,79.68,21.83,23.33,6.04,Yucatán,360.02
30.42,29.11,31.76,,8.98,Monterrey,364.95
40.28,39.45,34.23,13.45,7.02,CDMX,479.77
,73.6,15.69,,10.77,Monterrey,418.17
,58.12,22.2,20.14,5.2,Yucatán,395.57
16.7,49.69,8.51,,3.31,CDMX,294.27
31.36,,,17.44,4.71,Yucatán,227.55
25.43,67.46,13.75,6.1,7.73,CDMX,459.63
19.94,39.98,19.16,20.64,,Monterrey,340.74
35.9,65.19,9.74,5.23,10.09,Yucatán,289.46
11.5,54.97,29.15,21.39,14.06,Jalisco,359.21
40.4,57.0,23.51,18.52,6.63,CDMX,489.28
31.08,39.52,,24.71,12.89,CDMX,423.13
45.03,24.5,,7.94,3.31,CDMX,333.11
30.83,55.72,,14.18,13.1,Jalisco,363.22
,64.61,,13.41,3.63,CDMX,419.14
15.74,54.56,24.36,8.75,10.73,Michoacán,262.59
41.82,56.07,,13.12,5.89,CDMX,526.5
29.68,61.85,28.34,9.48,14.85,Yucatán,361.06
27.68,22.69,17.44,5.38,12.46,Jalisco,272.69
,33.42,33.51,,11.69,Michoacán,215.81
21.38,56.83,26.31,12.35,8.63,CDMX,442.52
48.64,28.14,22.58,15.23,7.43,CDMX,386.09
27.32,36.22,9.69,13.73,,Jalisco,298.81
45.36,22.7,23.39,23.42,3.54,Yucatán,248.49
35.93,32.92,30.08,10.17,12.55,CDMX,447.27
44.34,20.7,17.2,22.48,3.63,Michoacán,216.81
,,29.95,7.75,5.44,Jalisco,448.89
48.25,55.27,31.45,,13.73,Yucatán,425.2
37.92,52.8,28.58,,,Yucatán,284.18
42.22,20.34,18.75,17.77,,Yucatán,236.46
39.33,,10.22,22.85,2.86,CDMX,507.96
34.21,20.0,23.32,17.3,,Jalisco,286.73
38.69,,19.03,18.78,7.24,Monterrey,488.86
38.63,33.14,17.96,15.31,7.53,Michoacán,242.78
11.64,69.21,11.82,13.84,2.97,Yucatán,285.79
30.64,27.75,25.98,24.49,13.68,Jalisco,301.98
41.71,52.84,19.96,24.54,6.52,Monterrey,432.42
19.72,21.77,,18.28,,Monterrey,229.96
28.61,53.28,33.43,21.41,7.06,Michoacán,318.02
27.4,27.98,18.52,22.44,10.59,CDMX,322.82
26.11,68.37,12.67,9.39,4.57,Monterrey,399.31
14.87,34.17,9.68,21.1,2.8,Yucatán,190.35
31.03,26.96,34.64,7.67,12.06,CDMX,389.58
27.85,21.82,18.14,,10.53,Michoacán,167.41
36.54,54.45,30.7,,7.24,CDMX,518.93
31.98,59.72,10.03,16.91,2.4,Michoacán,278.09
11.1,73.69,21.45,11.93,12.55,Jalisco,402.72
11.28,23.71,18.79,22.35,13.44,CDMX,245.89
38.05,43.51,15.16,13.8,5.77,Yucatán,284.58
38.3,29.79,28.08,21.76,7.2,Jalisco,360.89
48.4,,25.54,15.69,13.66,Jalisco,460.06
45.07,34.31,9.89,8.07,11.84,Yucatán,238.17
28.72,44.66,15.7,9.66,12.01,CDMX,428.62
35.04,42.12,15.2,,,CDMX,397.63
28.29,61.4,32.66,24.44,12.71,Yucatán,389.01
18.92,64.51,14.17,23.83,,Michoacán,278.25
25.07,45.48,21.85,15.01,5.88,CDMX,402.79
14.16,34.64,33.92,8.72,9.68,Monterrey,361.85
36.66,67.68,34.79,6.53,4.59,Jalisco,447.07
17.68,70.88,,,2.93,Michoacán,263.14
29.02,52.4,18.07,5.45,7.25,Jalisco,351.82
48.7,34.97,20.07,22.88,8.93,Jalisco,400.22
,67.03,13.95,17.83,4.25,CDMX,448.41
16.07,41.36,34.85,19.62,13.67,Jalisco,378.49
21.94,75.12,16.57,10.96,,Jalisco,417.19
47.67,36.0,12.36,18.16,10.21,Michoacán,253.6
46.35,76.42,11.22,7.02,13.03,Michoacán,369.0
16.48,45.67,31.54,10.32,8.92,Yucatán,246.92
49.24,65.2,14.79,,12.45,CDMX,567.8
40.03,,16.68,12.44,12.38,Jalisco,316.63
,57.49,16.22,8.76,6.39,Yucatán,282.81
47.27,,28.25,9.49,12.83,Yucatán,375.22
45.22,45.22,31.63,17.96,9.97,Jalisco,442.86
25.65,64.13,15.03,16.7,14.34,CDMX,476.09
36.25,69.08,11.85,7.11,5.93,CDMX,453.9
35.9,63.64,,22.35,,CDMX,532.1
23.08,68.79,20.67,,,Yucatán,371.37
17.18,64.71,10.46,7.77,3.54,Michoacán,232.45
28.67,28.98,19.29,11.96,11.66,Michoacán,206.43
20.53,66.34,9.79,19.39,4.42,Michoacán,289.61
24.2,31.44,34.51,,10.33,Michoacán,227.43
48.17,,32.53,,6.69,Michoacán,245.87
28.45,74.1,33.72,24.0,13.17,Yucatán,389.94
37.4,55.89,31.1,11.38,,Jalisco,458.96
23.45,30.59,8.45,21.18,,CDMX,258.26
49.83,,11.38,12.27,5.83,CDMX,453.35
36.35,39.97,26.17,15.2,12.04,Jalisco,393.77
17.84,,11.83,24.2,8.29,Michoacán,147.16
,67.97,20.29,17.75,3.13,CDMX,480.85
,26.6,13.49,11.65,4.3,Jalisco,281.37
47.79,77.75,12.09,10.45,3.05,Michoacán,307.56
34.85,66.32,10.86,,8.7,Jalisco,381.17
10.68,62.73,30.67,17.35,8.61,Michoacán,276.72
19.02,34.35,30.63,16.52,5.54,Jalisco,296.05
42.05,65.58,21.21,7.56,2.53,Monterrey,454.28
45.02,21.35,24.58,,11.42,CDMX,388.07
28.16,53.23,,18.47,,Yucatán,285.48
24.62,,32.76,17.7,9.25,Jalisco,359.22
20.97,69.94,23.48,12.14,10.45,CDMX,491.37
14.68,65.68,,15.98,14.09,Jalisco,403.9
14.63,,20.1,8.03,,Jalisco,305.74
48.1,48.34,26.19,7.28,9.83,CDMX,494.67
42.35,24.39,25.47,9.0,5.18,Jalisco,312.52
,34.08,34.3,10.75,14.99,Jalisco,314.07
18.28,62.43,24.19,20.01,9.36,Jalisco,360.69
36.22,23.94,12.49,16.93,,Michoacán,204.12
40.59,67.24,27.34,5.09,,Yucatán,382.85
42.41,78.77,16.02,15.73,8.37,Monterrey,537.01
16.53,24.75,14.08,12.51,,Michoacán,191.75
49.37,47.47,20.48,12.24,,Monterrey,455.75
19.11,54.74,22.54,20.99,13.67,Michoacán,279.83
33.58,,9.07,15.02,8.43,Yucatán,326.78
33.5,29.0,23.82,8.4,8.67,Michoacán,259.26
48.69,41.61,26.17,9.41,9.85,Michoacán,297.65
36.31,,32.56,11.24,10.27,CDMX,546.13
33.4,51.09,22.67,11.78,2.82,Jalisco,374.41
30.75,29.81,10.71,12.99,4.39,Jalisco,246.68
40.59,72.17,,,12.46,Michoacán,358.81
14.24,76.17,31.19,11.69,3.4,Jalisco,458.78
10.08,64.38,26.15,16.47,4.98,CDMX,469.24
48.1,78.42,30.86,5.07,8.66,Jalisco,514.03
29.95,75.59,11.66,8.58,12.26,Jalisco,427.62
23.13,27.28,21.62,20.35,4.24,CDMX,332.17
24.72,44.56,22.78,13.72,,CDMX,403.64
42.15,55.81,30.61,11.37,6.46,CDMX,508.89
25.29,63.94,,10.88,6.44,Yucatán,339.1
40.81,,27.38,14.32,3.23,CDMX,463.42
27.62,58.95,24.07,5.06,9.98,Monterrey,421.38
43.76,27.01,16.33,,11.25,Jalisco,301.9
13.05,44.38,23.77,,4.42,Monterrey,356.21
29.25,20.41,30.4,7.8,5.93,Yucatán,216.7
28.67,59.11,21.08,,,Jalisco,351.94
,29.87,8.36,,14.83,Michoacán,158.05
47.74,44.24,14.06,19.27,2.66,Michoacán,241.83
46.2,49.92,19.11,16.36,8.44,Michoacán,299.63
27.74,,26.42,24.9,8.34,Monterrey,475.17
13.89,65.79,,11.64,9.62,Michoacán,275.54
,62.91,17.75,,7.27,Monterrey,397.27
20.86,,14.72,15.87,4.01,Yucatán,289.91
29.37,51.73,10.72,8.74,7.26,Jalisco,318.16
23.54,71.41,27.82,18.97,7.26,CDMX,537.42
40.97,72.01,27.17,8.47,,Michoacán,366.63
29.04,23.71,25.2,12.01,11.97,CDMX,339.1
44.81,36.21,29.86,15.74,14.2,CDMX,468.27
49.83,75.3,20.1,19.73,14.06,Yucatán,472.32
18.79,,11.18,20.8,2.3,CDMX,442.4
,28.08,16.95,12.01,3.17,Yucatán,223.07
43.9,24.27,,15.15,9.51,Monterrey,333.2
47.81,25.67,33.34,16.38,,CDMX,436.0
21.6,66.19,32.34,,6.09,Yucatán,344.66
39.08,33.32,24.92,19.52,7.72,CDMX,451.2
10.6,34.58,33.36,7.03,13.03,Michoacán,224.28
45.17,27.84,33.67,15.21,5.56,CDMX,423.37
12.56,55.98,32.55,13.74,12.51,Jalisco,380.45
39.34,50.83,16.02,9.56,5.79,Yucatán,330.54
49.78,36.89,8.82,,3.78,CDMX,357.19
30.05,59.49,21.96,12.34,6.22,CDMX,461.19
18.37,66.67,25.39,22.15,,Monterrey,447.22
33.79,78.78,,7.54,5.82,CDMX,525.15
34.97,48.72,34.42,18.09,6.68,Yucatán,344.4
36.72,44.78,26.77,13.73,5.16,CDMX,423.6
16.9,37.53,23.94,18.04,7.21,Yucatán,248.11
,67.08,28.95,10.56,8.76,Monterrey,510.39
34.84,78.33,,21.63,,CDMX,614.56
11.74,56.03,31.54,7.08,9.68,Monterrey,431.15
,58.54,20.58,,5.27,Yucatán,306.77
17.84,61.35,10.81,7.63,8.73,Michoacán,236.39
11.09,45.4,13.34,8.86,2.69,CDMX,271.25
32.04,33.22,20.06,7.37,7.68,Monterrey,343.62
42.53,35.37,19.89,21.6,4.04,Yucatán,312.29
44.4,57.03,,,4.08,Jalisco,478.69
14.14,58.26,19.65,6.2,12.87,CDMX,403.85
36.52,47.71,10.22,23.15,13.72,Yucatán,298.72
38.4,,20.93,24.15,13.39,CDMX,389.58
21.78,72.63,27.24,23.97,11.57,Jalisco,532.9
48.85,34.66,14.18,8.58,11.18,Monterrey,403.39
21.15,54.86,31.54,18.08,6.98,Yucatán,332.53
12.8,64.32,8.2,7.79,,Monterrey,375.86
30.77,31.06,27.03,12.26,14.74,Michoacán,219.47
37.77,48.4,14.74,,10.5,Jalisco,360.85
19.79,20.08,,,14.56,Michoacán,236.7
23.54,22.85,24.38,,5.16,Jalisco,246.9
32.55,35.03,32.35,24.52,,CDMX,440.0
45.47,59.52,10.38,8.44,9.02,Michoacán,299.9
39.89,73.2,21.2,16.53,12.39,CDMX,567.65
18.38,45.47,24.41,6.33,6.73,CDMX,350.81
20.07,21.5,31.35,14.09,3.29,Yucatán,198.47
30.96,37.56,8.41,22.5,9.49,Michoacán,233.5
40.76,,29.46,5.4,,Yucatán,425.84
34.75,26.67,20.87,15.37,3.01,CDMX,350.0
30.05,65.34,32.2,21.86,12.44,Yucatán,378.7
33.89,64.84,10.64,11.23,6.52,Yucatán,320.53
,55.4,14.17,,5.82,CDMX,471.09
31.48,75.85,21.29,17.93,13.35,Michoacán,324.44
45.91,58.53,26.55,,3.97,Yucatán,359.12
47.88,77.99,,18.08,3.41,Jalisco,525.77
46.61,69.57,24.39,12.73,8.78,Jalisco,498.51
40.18,67.64,19.76,,4.38,Monterrey,457.06
19.85,77.06,,23.54,9.52,Jalisco,444.77
25.41,,27.29,,10.25,Yucatán,298.7
21.2,39.34,23.28,20.45,11.15,Michoacán,248.88
36.31,26.22,10.43,,11.91,Michoacán,205.71
22.97,61.66,18.47,,8.93,Jalisco,416.91
40.18,,8.99,,11.39,Jalisco,344.52
,43.13,18.21,7.27,8.79,Michoacán,172.88
41.01,76.98,32.95,23.64,11.02,Jalisco,573.34
,74.75,24.99,16.74,6.28,CDMX,552.11
43.42,42.68,27.25,13.45,2.02,Michoacán,260.01
27.24,76.73,15.92,8.09,2.5,Michoacán,293.43
35.0,45.92,26.44,5.7,12.85,Monterrey,397.46
32.18,32.37,33.9,20.29,11.95,Yucatán,305.14
49.03,57.24,27.95,5.54,7.84,CDMX,517.2
40.22,25.65,31.13,13.74,14.61,Jalisco,361.86
31.79,29.16,11.96,6.08,9.96,Michoacán,222.73
16.96,68.86,21.4,19.9,13.68,Michoacán,307.88
46.16,69.15,13.42,15.62,10.72,Monterrey,510.66
18.23,34.44,23.85,10.05,,CDMX,313.5
36.0,64.81,24.96,9.9,8.89,Yucatán,363.29
,78.41,9.64,16.71,2.47,Monterrey,520.67
18.94,77.47,34.35,7.45,13.83,Yucatán,382.94
19.04,46.67,28.34,17.7,10.58,Jalisco,365.27
44.07,71.83,25.59,23.77,13.64,CDMX,588.07
43.11,53.43,16.82,14.25,3.49,Monterrey,454.51
24.07,53.89,17.9,19.07,6.52,Jalisco,352.19
20.6,34.36,9.8,10.55,13.05,Michoacán,158.05
15.1,43.05,11.37,15.53,14.14,Yucatán,239.11
49.52,32.89,18.09,15.49,3.35,Yucatán,260.36
43.41,64.55,28.81,12.77,2.05,Yucatán,380.44
45.98,58.44,27.84,8.91,4.77,Michoacán,315.71
30.55,68.27,13.15,17.76,11.29,Monterrey,454.28
14.58,57.19,15.65,24.07,6.29,Yucatán,285.67
12.1,36.63,9.62,,7.83,Monterrey,282.09
23.22,77.15,27.42,,13.37,Jalisco,429.61
,,33.09,12.08,6.96,Monterrey,512.23
47.9,48.58,19.67,18.69,3.32,CDMX,528.0
43.65,66.65,15.16,14.86,13.72,Michoacán,343.98
16.35,35.28,14.26,,6.87,Monterrey,239.23
26.8,68.65,29.14,,14.99,Monterrey,503.65
19.85,40.3,25.61,17.32,3.57,Yucatán,277.71
18.21,24.48,34.63,22.69,8.55,Michoacán,220.22
37.39,66.97,33.69,24.46,9.42,Yucatán,426.04
29.44,31.46,9.97,17.15,11.38,CDMX,361.29
23.0,58.66,12.87,8.9,,Yucatán,289.27
,36.19,11.94,16.59,,CDMX,280.89
31.79,61.13,21.61,7.35,5.81,Jalisco,406.67
23.88,27.57,18.86,20.7,8.13,Yucatán,206.08
25.64,,29.31,6.96,4.29,Monterrey,378.65
22.42,31.52,13.35,14.59,12.1,Michoacán,159.75
25.49,50.2,10.72,19.36,9.75,CDMX,431.51
32.23,,25.02,,10.21,Monterrey,538.08
10.57,48.53,12.82,22.92,6.02,Michoacán,218.84
43.91,66.32,29.86,6.36,6.82,Monterrey,527.48
46.88,28.79,15.14,24.77,13.23,Jalisco,351.01
32.02,59.43,18.51,13.95,6.08,Jalisco,398.28
20.72,29.12,17.33,9.19,11.21,Monterrey,286.84
49.61,66.11,33.59,,,CDMX,626.16
25.33,62.84,15.0,22.31,,Michoacán,301.46
37.75,44.14,19.36,17.81,3.8,Jalisco,397.53
,48.2,19.07,17.23,,Yucatán,330.27
27.37,30.1,,,14.13,CDMX,400.44
17.97,58.13,30.06,5.51,,Yucatán,337.1
48.66,74.76,31.04,16.66,8.89,Monterrey,587.18
12.55,53.63,24.85,14.46,4.41,Monterrey,363.77
29.41,38.91,,,7.41,Yucatán,266.5
18.83,44.57,13.32,,14.58,Monterrey,377.29
21.76,33.1,,19.92,4.6,Jalisco,253.5
43.14,46.51,23.43,24.24,3.37,Yucatán,329.93
24.69,49.71,18.44,6.88,14.81,Michoacán,248.31
13.33,,9.49,15.31,3.05,Yucatán,291.18
,,27.23,,14.11,CDMX,397.4
44.41,71.74,20.5,22.77,,CDMX,585.09
49.08,30.01,9.59,11.28,12.65,Jalisco,296.25
20.72,52.71,19.95,17.48,7.49,Monterrey,364.7
37.02,55.45,33.57,18.05,2.64,CDMX,541.15
,55.62,12.81,20.93,10.32,CDMX,387.34
38.94,50.13,25.25,19.59,10.32,CDMX,489.15
,66.03,19.54,,2.95,Monterrey,450.77
46.73,30.37,16.89,,,Yucatán,292.23
22.46,24.09,12.07,12.59,6.01,Jalisco,240.57
47.66,28.56,18.24,16.38,12.34,Monterrey,360.47
30.13,53.79,8.72,20.77,9.86,CDMX,423.28
23.96,34.98,18.05,10.01,3.43,Jalisco,269.64
35.88,,23.27,11.97,2.58,Yucatán,347.39
19.99,,,16.11,6.88,Yucatán,203.88
19.19,74.54,12.13,9.85,8.28,Michoacán,269.82
17.85,77.1,19.66,14.18,11.6,Jalisco,439.54
,67.14,17.65,15.28,3.48,Monterrey,538.83
29.72,72.68,34.55,8.36,4.82,Monterrey,486.84
40.06,42.7,23.22,9.8,12.49,Yucatán,322.06
28.96,29.58,20.35,8.26,3.36,Michoacán,178.45
33.5,32.0,33.92,19.61,2.78,Yucatán,306.86
33.37,50.08,29.16,,11.26,CDMX,486.73
49.2,59.68,17.52,9.9,2.41,CDMX,523.57
36.74,54.13,20.58,19.41,11.91,Jalisco,396.86
19.59,26.3,21.93,23.35,5.26,Michoacán,166.14
10.61,63.63,13.59,10.04,8.56,Monterrey,381.47
18.75,67.34,11.58,22.91,14.82,CDMX,467.56
28.22,21.77,12.17,11.78,4.15,Jalisco,232.26
25.74,47.53,17.83,21.98,10.57,Yucatán,243.61
42.49,46.27,10.5,15.24,6.92,Michoacán,247.77
41.42,24.03,13.32,16.46,,Yucatán,244.04
13.56,30.61,10.77,14.37,,Monterrey,224.85
48.08,68.9,8.43,,4.05,Michoacán,320.2
31.1,55.08,18.62,12.79,8.04,Yucatán,328.37
33.86,33.13,20.02,17.94,11.36,Monterrey,341.9
26.2,47.5,,16.98,11.64,Michoacán,272.11
35.98,71.28,23.31,,3.29,Yucatán,361.09
44.85,26.14,31.17,20.67,3.67,CDMX,462.22
36.96,77.33,,14.76,9.27,Michoacán,395.96
48.8,28.49,30.08,14.06,8.27,CDMX,440.51
38.04,37.44,23.28,16.57,12.6,Jalisco,351.28
42.87,30.89,22.3,22.2,11.4,Monterrey,397.32
11.8,48.17,34.11,10.94,9.86,Yucatán,296.18
36.91,38.63,19.15,11.58,7.73,Monterrey,357.21
36.19,79.31,22.17,12.45,14.25,CDMX,585.95
14.07,20.92,26.87,8.78,10.04,CDMX,259.15
43.7,39.29,21.13,,14.52,Michoacán,302.43
34.57,55.68,19.29,14.45,7.25,Monterrey,458.34
,,26.03,6.92,14.91,CDMX,338.17
,47.35,9.3,18.91,14.67,Yucatán,275.38
29.14,45.51,31.19,7.56,,Jalisco,364.85
19.33,25.17,34.39,18.53,5.74,Monterrey,281.94
10.79,58.94,,12.71,5.28,CDMX,447.59
24.62,,20.65,17.28,9.43,CDMX,516.93
34.79,51.67,20.24,9.67,2.87,Monterrey,392.42
23.17,28.98,23.19,17.32,4.71,Monterrey,272.61
22.29,48.88,27.7,6.87,8.48,Michoacán,267.24
40.04,,16.08,24.25,13.26,CDMX,341.25
40.34,74.45,16.55,22.21,7.11,Michoacán,361.44
38.75,34.44,11.72,10.28,11.37,Yucatán,229.27
14.05,,27.64,10.95,13.06,Monterrey,429.08
30.65,55.05,18.06,23.49,13.35,CDMX,467.31
32.31,79.0,30.58,9.54,8.96,CDMX,598.49
39.79,,20.98,15.34,5.54,Monterrey,492.07
46.13,20.67,11.08,16.79,10.81,Jalisco,300.17
24.76,20.91,35.0,10.05,9.05,Yucatán,253.33
27.15,64.61,30.07,16.61,3.88,Yucatán,324.69
39.31,51.01,15.28,18.45,13.6,Yucatán,310.54
36.51,65.32,10.19,22.43,11.81,Yucatán,324.66
,55.38,8.87,16.88,,Monterrey,394.15
24.01,,29.25,23.01,9.56,CDMX,385.05
,67.2,10.88,16.26,13.21,Yucatán,282.04
17.35,21.86,14.93,17.78,,Yucatán,210.38
,68.39,10.66,24.16,9.17,Jalisco,387.15
13.25,,33.96,21.36,8.37,Monterrey,461.89
43.83,,16.95,24.55,,Monterrey,507.73
25.35,,14.37,16.18,,Michoacán,156.1
12.43,32.59,27.36,9.95,9.53,Michoacán,196.35
45.86,,25.55,22.56,4.17,Yucatán,337.63
18.93,46.52,17.26,18.54,4.97,Jalisco,338.67
20.72,21.59,23.11,,8.44,CDMX,314.12
17.78,40.15,24.92,11.54,4.19,Yucatán,238.73
48.7,78.05,,19.82,10.52,CDMX,620.1
14.5,38.39,29.68,13.45,12.71,Michoacán,239.82
38.89,57.97,28.25,8.56,6.8,Yucatán,382.41
47.28,60.9,31.08,,12.11,Jalisco,485.74
36.72,57.42,10.54,10.04,14.85,Jalisco,392.69
44.35,,23.76,15.14,12.12,CDMX,488.2
19.7,54.3,27.69,20.46,8.26,CDMX,457.07
36.96,62.25,8.46,23.72,13.19,Yucatán,347.96
38.03,43.0,24.4,,6.62,Michoacán,238.09
28.33,36.82,17.72,21.31,10.09,Jalisco,319.79
44.82,36.5,31.87,,2.66,Yucatán,283.86
37.78,75.09,30.39,12.94,5.1,Jalisco,497.46
45.8,58.67,14.8,16.16,4.88,Jalisco,407.64
40.13,65.15,29.45,,4.87,Jalisco,493.38
30.81,,11.68,8.58,5.86,Yucatán,262.3
29.95,57.83,29.1,11.46,9.82,Monterrey,439.64
28.15,36.59,26.52,13.92,13.12,Yucatán,274.86
10.87,73.57,30.31,16.39,8.04,Monterrey,485.45
31.41,50.07,22.12,21.45,8.77,Yucatán,347.78
26.92,68.32,28.85,15.07,,CDMX,521.56
16.3,51.08,27.74,9.01,9.46,Monterrey,379.69
14.76,26.98,9.56,,11.87,Jalisco,210.53
,26.71,21.9,17.92,2.42,CDMX,324.88
11.6,47.85,23.14,10.4,3.13,Yucatán,248.56
49.46,45.79,32.38,9.38,4.09,Michoacán,307.16
25.12,74.8,22.85,10.82,12.94,Monterrey,513.33
25.28,27.9,32.31,13.53,9.49,CDMX,336.92
12.05,61.19,14.46,11.09,9.62,Yucatán,295.12
27.07,75.09,19.68,19.77,12.84,Yucatán,364.05
,44.66,22.22,21.13,,Monterrey,354.87
11.2,73.1,17.44,5.84,10.35,Monterrey,424.13
23.56,28.66,17.18,14.19,14.65,Michoacán,188.07
42.84,26.32,12.35,10.45,14.34,Jalisco,300.91
28.35,34.0,12.66,12.8,6.97,Monterrey,271.02
10.59,51.27,30.97,8.74,4.94,Yucatán,275.95
16.53,,27.93,6.34,5.16,Jalisco,382.39
39.6,66.28,19.89,17.76,11.75,Monterrey,511.4
39.53,65.99,28.97,24.25,,CDMX,580.33
40.18,26.71,12.04,19.7,2.78,Michoacán,234.09
24.07,72.44,,24.59,4.09,Michoacán,312.28
24.09,26.74,23.9,24.31,9.28,Yucatán,242.72
42.08,73.87,10.82,12.07,7.63,Yucatán,334.31
25.93,,26.09,19.77,14.88,Jalisco,481.53
39.09,55.05,,21.28,3.82,Monterrey,429.11
,61.63,32.16,14.39,,Yucatán,375.88
24.57,42.18,24.97,11.43,10.7,Jalisco,335.25
13.2,53.04,19.92,23.67,3.1,Monterrey,351.8
14.65,69.92,,,12.16,Jalisco,397.09
,29.57,,12.94,4.81,Monterrey,347.07
28.09,50.1,8.92,24.55,6.68,CDMX,403.83
49.76,44.55,9.5,7.64,14.15,CDMX,387.0
24.56,71.98,18.83,5.93,5.2,Michoacán,299.34
,27.86,30.89,11.82,3.6,Jalisco,304.68
24.02,73.51,,6.58,8.29,Yucatán,352.48
23.72,35.02,25.37,16.75,5.16,Jalisco,344.17
35.49,56.34,33.73,17.34,4.04,Michoacán,304.78
10.51,42.79,32.14,21.3,6.3,Michoacán,223.15
40.53,75.96,,24.91,8.41,Monterrey,530.99
26.66,31.85,28.06,5.59,2.08,CDMX,338.94
27.29,50.15,21.61,16.92,2.87,Yucatán,294.58
29.24,33.7,26.79,21.57,4.31,Yucatán,281.16
27.97,68.07,20.03,18.63,,Monterrey,482.07
29.9,36.26,23.61,,3.82,Yucatán,256.31
23.84,77.21,12.4,17.3,11.69,Monterrey,484.84
28.13,75.46,28.08,8.73,8.63,Jalisco,442.8
26.19,48.51,9.31,23.38,,Michoacán,216.01
,20.78,9.66,,7.61,Michoacán,204.9
34.93,,22.86,18.11,9.44,Jalisco,489.18
19.64,61.16,25.4,16.01,11.64,Jalisco,380.41
30.34,49.52,,,14.59,Michoacán,235.03
33.78,56.25,32.24,20.63,14.95,CDMX,539.92
10.68,,21.51,21.24,,Yucatán,188.58
30.82,29.45,11.46,12.11,11.26,Michoacán,199.55
19.57,58.33,32.18,,2.71,Yucatán,347.45
26.18,22.94,23.43,9.39,6.53,Yucatán,207.91
43.06,62.14,26.57,23.49,,Michoacán,343.68
23.05,75.19,17.72,6.74,5.89,Yucatán,368.49
29.33,62.54,,,12.04,Jalisco,442.03
10.99,53.64,24.79,19.89,11.8,Yucatán,302.77
22.35,,24.57,19.13,10.98,CDMX,497.06
35.59,64.91,,20.27,4.47,Jalisco,419.69
22.61,55.44,32.99,,7.19,CDMX,485.68
18.23,31.82,34.16,13.4,10.93,Jalisco,342.49
21.63,20.47,25.91,9.02,,Yucatán,236.27
48.18,47.44,8.63,7.59,9.8,CDMX,438.5
13.47,34.46,29.77,6.57,4.26,Yucatán,216.32
28.53,33.63,21.35,14.22,4.54,Michoacán,206.92
12.34,50.4,,7.17,3.36,Yucatán,271.53
31.55,42.52,14.9,,6.9,CDMX,392.61
15.84,50.24,10.15,14.73,14.78,Yucatán,260.75
35.36,36.16,30.76,21.45,12.53,CDMX,451.84
20.58,56.61,21.54,18.03,4.78,Yucatán,277.36
37.64,57.32,17.65,,10.18,Monterrey,459.79
23.89,32.54,,21.83,7.59,CDMX,367.45
,54.05,33.45,10.55,8.74,Yucatán,298.37
21.8,46.71,9.19,19.05,7.69,Michoacán,231.13
13.28,78.17,22.62,22.96,14.43,Yucatán,329.61
29.8,63.31,14.08,15.43,2.11,Monterrey,426.15
21.56,30.91,30.62,19.84,6.74,Yucatán,228.35
35.6,72.92,23.68,,13.46,Monterrey,489.84
30.0,48.62,21.32,17.55,2.0,Monterrey,415.94
11.44,70.81,24.35,19.72,10.83,CDMX,509.36
22.75,69.85,17.03,16.15,2.12,Michoacán,324.46
29.56,21.04,29.73,10.58,11.5,Jalisco,275.19
32.89,34.02,23.95,,8.76,Monterrey,349.9
14.19,74.67,30.93,14.2,3.96,Jalisco,429.56
36.0,66.18,23.96,16.11,6.91,Yucatán,349.07
23.75,28.12,12.62,6.25,3.73,Jalisco,220.41
17.32,32.74,28.73,21.3,11.61,CDMX,369.51
,57.12,,,5.69,CDMX,544.04
12.74,36.72,29.05,11.65,4.42,Monterrey,299.21
47.19,32.26,20.11,23.3,2.33,CDMX,423.34
38.25,79.0,25.97,10.11,13.13,Michoacán,342.05
29.02,47.52,28.87,7.83,,CDMX,430.11
10.45,51.17,15.86,14.43,5.53,CDMX,344.17
25.61,59.13,11.43,19.87,8.42,Jalisco,354.45
35.83,24.54,33.89,5.84,3.61,Michoacán,222.76
44.36,43.79,,19.4,2.25,Monterrey,451.92
,74.33,26.42,15.32,12.44,Jalisco,484.36
25.91,76.59,23.88,18.54,8.98,Michoacán,337.58
27.89,49.72,34.01,18.65,,Yucatán,315.17
44.93,73.53,29.0,11.28,8.05,Monterrey,544.82
24.05,49.94,19.8,8.53,4.1,Monterrey,359.43
12.61,79.14,31.59,5.41,7.18,Jalisco,457.85
27.71,67.23,30.53,5.45,,Michoacán,271.72
49.94,69.82,,22.41,,Yucatán,436.3
25.19,31.19,17.49,15.18,8.16,CDMX,318.23
17.72,20.27,17.79,11.52,3.44,Monterrey,206.71
11.81,50.3,22.88,,6.4,Yucatán,283.35
16.84,78.97,31.56,23.54,11.26,Yucatán,433.29
22.96,78.04,19.44,,3.03,Yucatán,375.86
32.97,56.85,10.93,16.02,5.82,Yucatán,303.41
36.62,31.08,16.78,17.67,,Michoacán,203.01
11.71,20.54,8.27,18.96,13.86,CDMX,200.64
47.45,49.79,31.7,11.69,6.62,Jalisco,440.05
19.43,38.12,14.67,19.82,8.18,Monterrey,328.17
15.96,40.21,33.88,5.39,6.75,CDMX,372.16
31.23,70.0,,21.18,5.56,Jalisco,470.57
37.1,25.36,22.38,,14.42,Jalisco,309.65
22.29,25.44,28.54,22.4,12.19,Monterrey,354.09
36.78,46.56,9.09,17.41,3.27,Monterrey,358.88
21.77,44.81,19.09,16.99,11.15,CDMX,399.75
46.09,23.83,18.83,9.63,7.75,CDMX,358.93
45.23,52.73,9.03,13.33,5.15,CDMX,462.92
,45.92,26.91,,13.0,CDMX,370.38
16.02,79.58,,15.16,13.69,Yucatán,389.84
37.92,23.97,24.05,19.84,13.0,Jalisco,351.1
10.0,27.05,19.5,24.61,14.54,CDMX,287.35
,29.51,13.28,14.09,11.88,Michoacán,238.03
24.25,39.49,13.24,9.14,9.18,CDMX,308.56
39.78,59.87,,13.89,3.8,Yucatán,335.96
11.77,77.99,21.13,,10.06,Michoacán,286.09
18.37,,25.6,,2.14,CDMX,481.3
12.83,46.53,32.79,24.79,8.58,CDMX,431.18
17.19,24.26,25.2,,,Monterrey,260.54
25.38,58.7,9.76,24.61,11.27,Monterrey,393.23
,45.06,26.03,19.19,,Michoacán,300.06
46.64,21.4,8.54,12.63,,Yucatán,238.55
,69.04,33.75,5.01,10.26,Monterrey,488.75
38.26,51.76,15.13,12.88,10.4,CDMX,487.89
13.28,46.27,22.59,11.23,8.44,CDMX,358.81
21.47,63.42,24.33,14.17,7.49,Jalisco,390.84
49.67,71.49,13.85,16.4,2.42,Monterrey,487.35
32.42,75.93,11.63,17.56,14.76,Jalisco,448.56
41.51,39.9,29.76,7.64,5.28,Monterrey,389.05
11.3,31.03,26.7,17.38,3.34,CDMX,300.19
13.36,39.82,24.52,15.88,4.34,Jalisco,287.15
14.37,78.58,12.65,7.53,8.79,CDMX,430.15
10.61,25.91,28.4,9.1,4.2,Monterrey,254.58
46.88,77.02,25.46,15.62,3.94,CDMX,635.71
20.15,57.11,23.7,18.21,7.38,Monterrey,454.54
49.86,20.58,20.35,8.39,,Monterrey,304.83
39.53,71.55,12.44,18.27,5.66,Monterrey,476.08
20.02,,13.11,11.27,8.62,Michoacán,265.0
49.67,28.68,30.36,21.59,7.35,CDMX,439.26
44.74,40.48,13.96,12.77,12.36,CDMX,401.88
16.6,72.37,32.54,21.28,3.19,Jalisco,418.25
17.41,63.72,12.12,9.69,11.82,Jalisco,312.39
37.21,39.12,26.02,19.77,9.14,Yucatán,291.72
13.13,67.65,19.09,15.69,4.6,Yucatán,282.46
33.38,35.29,24.87,17.91,3.67,Michoacán,203.13
12.66,52.97,9.2,14.09,10.02,CDMX,354.31
18.85,76.01,17.61,24.71,3.42,Michoacán,318.73
47.94,46.17,13.15,18.9,12.46,CDMX,467.17
29.94,53.37,11.16,12.77,9.92,CDMX,393.66
32.95,66.57,8.79,,,Michoacán,320.39
20.79,32.22,9.09,19.7,10.01,Michoacán,193.5
27.6,46.94,26.97,7.45,13.74,Jalisco,381.49
15.32,75.2,21.43,9.63,2.55,Jalisco,409.56
30.66,59.11,16.6,,9.42,Monterrey,437.57
12.16,62.08,10.36,12.35,,Monterrey,342.82
11.93,77.73,12.69,13.13,5.69,Jalisco,384.29
37.19,,15.31,14.93,8.07,CDMX,460.02
12.2,72.23,21.14,20.57,3.81,Monterrey,426.6
30.85,79.55,33.29,14.3,7.5,Yucatán,452.13
20.64,60.58,17.17,10.56,4.32,Yucatán,301.32
17.51,61.09,17.63,,12.88,Yucatán,301.44
32.93,,27.27,22.29,5.03,Monterrey,365.38
21.86,,,15.43,7.72,Monterrey,363.67
28.26,64.27,15.63,19.02,8.15,Yucatán,308.9
,40.55,12.22,,13.1,Jalisco,292.56
15.06,,9.04,8.16,10.25,Jalisco,174.9
14.26,21.26,13.97,16.99,9.24,CDMX,219.6
12.86,60.12,32.9,19.6,,Michoacán,303.95
,22.0,34.83,7.5,3.42,CDMX,348.25
40.24,49.3,29.71,14.1,4.99,Monterrey,435.0
41.69,72.96,20.47,8.55,12.1,Monterrey,529.51
48.31,69.44,27.29,14.27,2.99,Yucatán,409.08
16.74,63.16,30.23,5.16,12.12,Michoacán,310.9
15.42,71.59,17.7,19.8,12.74,Yucatán,346.17
28.8,64.91,12.79,21.41,8.45,Michoacán,266.19
44.44,21.09,12.39,21.56,14.26,CDMX,406.76
40.68,48.27,23.5,21.14,9.79,CDMX,496.94
32.33,20.88,9.69,6.11,14.82,Jalisco,214.72
16.27,53.3,34.83,10.82,11.85,CDMX,475.96
25.65,34.17,20.06,9.79,2.61,Jalisco,275.68
38.77,46.47,14.17,14.57,5.81,Jalisco,352.99
,32.24,21.98,23.39,14.17,Jalisco,317.53
11.56,69.16,14.72,8.73,8.89,Yucatán,264.42
33.36,31.06,24.66,20.75,4.44,Monterrey,301.48
38.81,39.58,30.18,,12.09,Michoacán,261.32
38.59,,19.42,7.19,13.69,Yucatán,227.64
16.59,38.58,27.9,12.14,2.96,Monterrey,304.29
23.44,21.57,23.99,9.16,4.19,Michoacán,211.89
26.37,47.0,12.57,9.06,10.59,Michoacán,231.77
26.82,,13.78,24.74,,Yucatán,204.28
,43.29,22.71,10.98,5.35,Michoacán,170.85
25.42,56.39,30.93,20.99,10.86,CDMX,522.9
30.27,74.6,19.99,5.14,7.11,Yucatán,348.48
38.42,53.22,24.9,,14.14,Michoacán,309.25
32.78,50.91,28.49,17.22,11.45,Monterrey,441.0
26.2,22.83,29.56,18.69,5.83,Michoacán,222.91
,42.46,25.49,17.88,6.99,CDMX,481.38
33.92,43.62,29.11,22.43,7.16,CDMX,432.12
48.99,39.42,24.34,9.52,12.6,Jalisco,382.11
44.7,73.35,32.96,11.43,,Jalisco,539.06
36.95,43.75,17.24,,9.5,Yucatán,291.43
45.97,32.66,30.58,7.96,8.4,CDMX,441.01
49.65,67.1,25.49,15.43,13.54,Jalisco,495.56
18.84,68.75,23.48,17.19,,Michoacán,293.85
,40.72,,14.44,3.13,Monterrey,383.32
46.75,69.28,,20.63,9.35,CDMX,532.53
10.7,62.34,29.1,21.35,5.34,Monterrey,432.65
41.98,26.6,14.19,10.4,10.77,CDMX,358.33
,42.09,12.15,10.32,13.96,Yucatán,225.47
46.66,71.12,25.94,7.06,,Jalisco,504.71
34.48,42.38,32.37,24.78,6.6,Monterrey,407.45
16.48,71.9,22.85,8.58,8.96,CDMX,477.56
11.58,46.73,14.31,7.55,10.49,Monterrey,291.11
43.11,53.88,27.96,15.67,7.13,Monterrey,448.02
15.58,43.36,32.26,21.22,14.03,Michoacán,274.75
47.58,56.8,27.84,6.8,4.16,Michoacán,348.21
13.63,51.44,29.83,10.32,7.17,Monterrey,383.09
43.52,70.55,,23.6,10.84,Monterrey,590.56
26.94,78.04,22.17,15.22,12.08,Monterrey,514.49
44.91,37.35,32.37,8.47,11.21,Monterrey,450.32
40.74,29.26,29.67,9.4,7.83,Jalisco,337.54
44.12,39.65,17.45,19.95,,Jalisco,378.05
,62.75,16.83,14.16,,Michoacán,297.31
38.55,32.64,13.62,16.54,7.53,Monterrey,352.44
22.75,39.32,25.98,19.24,12.27,Jalisco,334.04
11.89,76.1,,8.7,5.81,Monterrey,454.37
19.3,65.2,10.26,21.59,7.08,Jalisco,365.6
10.05,77.21,23.63,5.8,13.0,Yucatán,344.16
,25.2,26.87,8.05,11.59,CDMX,311.14
29.75,49.24,30.01,23.01,14.0,Michoacán,307.51
10.78,74.28,23.05,7.1,8.24,Monterrey,422.67
10.31,46.37,25.83,15.5,3.21,Michoacán,245.75
37.46,61.36,22.13,9.64,14.15,Jalisco,412.64
14.02,30.22,13.18,18.28,12.12,Michoacán,175.37
12.95,34.81,9.84,,4.58,CDMX,318.7
29.82,45.41,14.91,21.96,2.52,Yucatán,245.68
38.73,,29.97,20.06,13.11,Monterrey,432.75
49.09,58.63,11.28,,13.48,CDMX,518.72
21.82,69.59,9.94,,12.07,Michoacán,253.93
14.7,41.49,14.0,8.64,9.47,CDMX,342.79
12.74,65.79,15.82,17.53,6.94,Monterrey,388.93
18.3,36.81,18.86,,10.6,Yucatán,281.59
14.0,44.19,30.49,9.09,6.97,CDMX,346.4
10.14,,24.85,10.87,9.27,Michoacán,143.07
21.4,28.68,28.26,20.34,4.12,Jalisco,298.81
16.57,26.75,32.05,20.23,7.53,Yucatán,232.32
10.73,54.62,28.72,17.98,10.74,Michoacán,272.31
24.19,,15.07,6.4,12.87,Monterrey,398.05
43.04,23.32,22.81,14.36,7.2,Yucatán,266.93
22.15,53.52,20.24,18.3,5.9,Monterrey,404.4
38.4,65.19,30.2,21.1,5.26,Jalisco,477.3
39.15,50.25,14.75,21.9,14.07,Yucatán,333.97
11.02,47.7,24.43,18.88,,CDMX,369.92
48.47,58.06,9.07,16.5,3.74,Jalisco,400.13
15.56,,16.76,11.84,,Michoacán,215.91
38.7,56.45,20.69,19.69,6.96,Monterrey,478.38
25.18,75.48,13.58,,10.88,Jalisco,442.25
44.73,71.29,26.16,15.3,11.87,Michoacán,338.6
49.8,64.26,17.94,5.49,14.82,Michoacán,348.34
,72.41,13.08,7.98,8.43,CDMX,459.41
42.78,37.98,31.45,11.19,7.14,Michoacán,235.92
30.22,65.03,,14.29,11.93,Michoacán,312.65
48.62,37.49,23.55,16.39,12.23,CDMX,461.14
36.32,50.98,21.11,9.03,14.3,Monterrey,440.81
33.73,49.27,19.99,15.59,,Jalisco,362.49
19.18,22.85,14.39,17.74,8.33,Monterrey,246.19
38.75,,30.14,13.94,10.09,Michoacán,335.87
21.53,50.29,25.36,15.85,14.76,CDMX,463.22
43.83,,29.71,,11.88,Jalisco,415.66
49.09,21.91,27.6,10.02,14.86,Yucatán,261.24
10.31,42.45,28.64,20.52,,CDMX,402.45
48.19,45.39,13.19,10.91,4.78,Monterrey,376.12
24.34,64.18,24.44,5.36,12.43,Jalisco,389.4
,64.07,29.28,20.01,9.47,Michoacán,356.48
46.96,42.9,,10.97,6.33,Monterrey,398.71
41.04,44.22,,10.46,4.47,Yucatán,311.41
19.73,62.65,15.35,12.61,3.9,CDMX,398.83
13.87,45.18,20.32,14.25,3.66,Yucatán,224.69
43.65,56.4,30.64,21.09,7.5,Monterrey,508.74
39.88,36.04,13.66,,13.91,CDMX,389.37
44.33,23.23,27.2,15.66,10.23,Yucatán,247.48
25.36,,25.16,5.19,,Jalisco,385.02
29.68,60.13,10.03,6.24,8.18,Monterrey,356.4
28.6,25.0,25.94,,4.11,Yucatán,250.34
,21.47,20.31,,11.99,Michoacán,205.47
23.43,,12.91,6.21,5.78,CDMX,266.14
38.75,27.79,19.54,10.41,11.4,Monterrey,314.79
40.12,32.72,11.42,6.79,3.5,CDMX,349.42
44.55,71.42,33.58,5.89,11.99,CDMX,579.46
43.8,46.0,34.31,16.83,12.0,Yucatán,398.61
40.16,59.13,19.5,22.62,2.27,Monterrey,475.79
23.31,78.18,13.67,7.42,,Michoacán,324.53
38.4,46.52,29.51,16.73,3.55,Yucatán,303.11
,67.94,16.54,8.51,,Yucatán,412.49
46.65,43.17,17.63,13.16,6.07,Jalisco,393.78
48.86,64.49,18.81,10.84,14.71,Monterrey,531.03
11.45,35.84,27.32,8.3,7.52,Monterrey,276.71
34.46,73.27,24.53,11.67,14.82,CDMX,512.85
18.61,23.13,34.77,19.31,3.39,CDMX,316.46
19.86,47.14,30.68,,3.98,CDMX,406.88
,79.32,,13.29,8.37,CDMX,625.16
40.01,,28.87,16.87,2.93,CDMX,399.84
,26.08,,24.24,14.21,Jalisco,268.57
30.8,39.91,32.88,9.59,10.47,Michoacán,248.66
17.53,28.16,18.87,16.73,,Yucatán,235.05
10.15,60.67,10.71,5.63,,Michoacán,207.01
,56.87,13.98,10.01,13.04,Jalisco,420.8
38.39,51.57,34.43,15.29,7.88,Monterrey,485.68
31.15,78.22,12.9,15.08,8.82,Michoacán,323.57
12.16,38.96,18.67,24.98,8.96,Yucatán,232.02
26.83,46.64,,8.89,,CDMX,417.18
25.2,47.8,21.59,17.64,13.69,Michoacán,281.1
16.86,62.3,25.66,6.27,6.53,Yucatán,315.6
,33.64,31.58,22.61,10.98,Monterrey,368.99
16.93,65.33,10.9,6.77,10.76,Michoacán,260.18
33.87,31.12,20.88,14.49,3.75,Michoacán,225.77
14.99,78.62,16.73,19.79,12.11,Michoacán,294.64
19.54,77.15,,15.8,,Monterrey,484.35
47.85,,21.38,10.94,6.44,CDMX,462.93
18.78,72.79,17.22,21.94,12.93,Jalisco,428.95
40.55,43.66,,20.67,10.02,Jalisco,361.35
33.92,,,,11.62,Monterrey,433.49
26.53,64.86,28.07,16.75,2.9,CDMX,477.22
33.81,65.52,30.33,13.92,3.65,Yucatán,406.01
15.34,73.15,29.17,21.2,,Jalisco,450.68
29.37,47.71,26.17,18.67,6.9,Yucatán,304.63
48.89,55.62,24.9,10.09,2.28,Yucatán,341.82
27.11,54.19,19.03,11.85,5.58,Monterrey,382.64
19.72,50.33,25.25,16.74,9.95,CDMX,421.1
47.1,61.68,11.17,5.84,13.04,Yucatán,335.9
34.43,35.58,23.4,7.51,6.29,CDMX,382.77
39.11,23.92,23.68,13.74,6.77,Monterrey,272.78
31.74,51.12,21.37,10.06,4.33,Monterrey,435.8
10.45,45.7,29.69,21.25,8.62,Monterrey,372.79
40.23,51.63,17.98,14.19,9.39,Monterrey,428.4
49.15,56.77,,,9.14,Monterrey,465.79
38.65,41.9,10.87,10.79,14.05,CDMX,387.28
42.35,38.42,16.58,6.36,3.0,CDMX,374.18
44.06,60.54,17.85,24.19,3.3,CDMX,540.98
49.97,44.03,10.38,11.69,3.13,Monterrey,376.43
21.54,69.99,27.92,17.56,10.91,Monterrey,519.78
27.98,65.74,8.92,13.41,7.46,Monterrey,419.48
31.71,74.08,32.48,19.79,6.93,Jalisco,488.12
16.1,25.77,10.79,17.76,14.66,Michoacán,178.52
29.24,,14.34,17.11,10.37,Monterrey,333.62
21.08,56.47,12.63,8.7,11.45,Yucatán,288.48
43.48,62.51,25.23,18.9,12.71,CDMX,584.06
23.88,32.66,34.73,,2.82,Monterrey,366.85
13.27,21.46,,13.26,13.01,Jalisco,271.95
10.4,71.69,9.85,11.59,,CDMX,393.28
44.42,66.69,11.01,21.74,9.76,Jalisco,445.46
,75.27,,,8.94,Yucatán,429.77
47.36,37.38,29.06,18.66,11.78,Michoacán,287.91
12.9,50.59,27.23,11.62,13.2,CDMX,413.92
25.79,63.61,21.78,12.35,14.36,Monterrey,454.05
27.13,57.55,8.69,13.63,11.32,CDMX,393.38
44.44,20.75,34.62,,2.16,CDMX,405.55
20.46,50.59,28.54,5.34,12.55,Jalisco,300.86
22.09,78.91,24.52,6.06,2.32,Michoacán,340.99
39.31,33.94,,18.06,13.49,CDMX,447.58
17.2,47.36,24.11,5.86,5.75,CDMX,362.21
35.41,68.45,26.96,18.91,12.47,Jalisco,485.48
39.69,35.97,,17.37,4.94,CDMX,412.26
17.22,44.4,29.87,19.96,11.15,Michoacán,247.23
18.88,61.43,9.84,5.11,,Monterrey,330.02
37.99,46.99,21.05,11.88,10.03,Monterrey,385.12
41.78,77.24,33.87,11.86,11.14,Michoacán,396.06
48.13,71.01,23.41,5.24,8.44,CDMX,602.0
22.35,37.4,13.99,8.68,4.31,Monterrey,284.58
,20.03,22.68,14.53,13.62,Yucatán,257.32
15.87,52.17,14.72,,10.13,CDMX,346.34
,71.2,16.95,8.73,14.87,CDMX,533.25
20.44,,8.0,17.19,5.22,CDMX,475.66
23.95,27.32,31.93,10.73,,Monterrey,319.91
42.13,73.48,11.58,12.31,2.82,Michoacán,346.18
42.13,49.86,29.39,12.32,6.19,Michoacán,288.85
38.18,78.75,28.22,9.76,7.19,Michoacán,360.65
14.95,68.1,8.52,11.6,10.59,Monterrey,383.72
21.36,30.0,,,3.93,Yucatán,191.08
47.57,51.62,,13.45,10.71,CDMX,463.6
28.1,72.88,,9.23,,CDMX,505.55
34.87,68.81,22.09,7.49,7.85,CDMX,542.48
,78.09,11.17,20.46,5.92,CDMX,445.39
30.72,70.05,22.5,22.76,11.28,Monterrey,500.3
37.57,,29.02,23.0,11.44,Yucatán,416.52
12.36,51.48,28.45,,3.57,Michoacán,263.83
14.61,55.78,30.12,21.04,,Jalisco,407.92
24.73,24.19,,13.8,14.84,Yucatán,227.74
47.78,43.64,15.73,10.09,4.95,Michoacán,238.58
19.95,38.93,,8.61,11.42,Monterrey,354.22
10.86,75.02,24.62,6.35,14.42,CDMX,467.14
42.37,39.87,15.18,15.01,,Jalisco,332.12
43.97,73.17,17.94,17.63,14.99,Yucatán,423.67
,34.35,22.0,20.4,14.26,Jalisco,364.87
45.72,54.92,,20.01,11.41,Yucatán,323.58
,52.08,31.58,21.58,9.49,Yucatán,336.09
20.99,25.91,18.93,9.57,3.17,Yucatán,220.57
10.82,39.03,,20.54,10.59,Jalisco,285.72
33.34,79.15,13.25,8.63,9.03,Michoacán,323.27
45.5,55.67,21.04,17.96,4.2,Yucatán,351.03
34.26,69.59,14.52,22.01,13.8,Yucatán,363.91
13.21,63.17,30.47,5.05,8.45,Michoacán,290.44
37.73,74.02,34.93,24.82,4.29,Jalisco,539.31
37.04,40.67,17.5,5.63,12.24,Michoacán,232.59
16.67,33.26,12.13,,6.87,Yucatán,199.67
43.16,24.29,9.52,7.82,6.81,Michoacán,200.25
46.5,,23.39,24.96,6.08,Michoacán,400.11
25.67,51.37,28.34,6.78,14.5,Monterrey,392.05
22.35,63.16,32.39,24.66,2.55,CDMX,532.8
32.99,23.84,9.65,13.17,8.76,Monterrey,280.28
48.9,70.79,33.78,8.65,11.87,Yucatán,412.16
39.0,54.96,17.7,10.1,12.86,Jalisco,404.5
41.6,27.07,9.66,16.61,9.04,Yucatán,190.42
40.74,49.91,10.82,5.46,11.99,Yucatán,306.68
48.28,55.83,26.91,,14.66,Jalisco,462.51
42.65,40.45,18.01,11.9,9.18,Michoacán,231.29
20.73,62.67,23.81,9.96,6.48,Yucatán,331.67
19.25,54.88,31.32,13.99,14.94,Jalisco,407.78
19.68,70.42,19.63,7.99,13.21,Jalisco,444.53
18.52,71.81,23.97,22.92,6.56,Yucatán,315.43
18.33,23.73,31.38,24.84,13.39,Yucatán,257.66
47.38,58.79,34.65,,12.2,Monterrey,528.4
48.07,63.36,28.12,6.21,10.68,CDMX,523.82
13.59,28.56,25.95,24.82,,Michoacán,204.15
12.56,,17.73,21.39,3.15,Monterrey,450.24
44.28,71.39,33.54,17.36,11.77,Yucatán,431.03
32.55,28.37,23.12,21.97,4.19,Jalisco,348.43
18.46,73.0,18.42,18.75,12.12,Jalisco,420.26
28.47,58.8,19.37,17.99,11.43,CDMX,456.18
12.95,67.21,8.79,7.42,7.73,Yucatán,251.94
49.29,67.91,27.37,21.59,3.58,CDMX,609.54
,29.71,27.35,22.79,7.79,Michoacán,211.81
,23.76,16.58,18.52,3.46,CDMX,317.14
48.33,58.22,15.74,5.6,5.9,Yucatán,327.58
38.44,40.23,28.88,14.21,5.42,Monterrey,415.48
13.54,35.63,13.92,24.15,7.82,Yucatán,231.1
33.6,27.79,25.5,22.82,2.91,Michoacán,206.51
15.17,71.56,30.09,22.14,6.8,Michoacán,356.97
44.68,54.29,17.53,15.6,10.69,Jalisco,411.72
36.91,70.2,9.34,8.27,11.14,Michoacán,303.08
47.68,53.41,17.67,13.0,2.14,Monterrey,435.07
15.84,22.91,,,,CDMX,304.66
28.15,33.17,19.93,21.59,5.22,Yucatán,253.63
31.74,69.03,32.96,23.89,7.34,Monterrey,565.64
14.33,31.48,,14.73,3.41,Yucatán,224.68
37.08,74.74,34.2,18.15,2.01,Jalisco,471.99
32.66,,25.91,7.97,12.29,Jalisco,358.24
23.92,45.34,30.08,17.55,5.73,CDMX,382.35
26.52,59.72,25.24,15.97,4.2,Yucatán,344.87
41.85,68.0,21.62,,7.98,Yucatán,377.03
,65.94,23.4,7.03,13.49,Monterrey,448.98
48.91,68.98,,6.47,8.55,CDMX,573.96
46.73,,23.23,13.87,3.59,Monterrey,445.17
13.12,39.31,32.95,,5.32,Michoacán,295.58
44.1,32.9,16.21,6.73,6.05,Yucatán,280.3
36.95,77.55,19.38,10.41,3.36,CDMX,579.34
12.21,54.42,20.58,,12.65,Yucatán,310.41
48.21,78.14,25.83,20.7,9.12,CDMX,678.44
,49.6,29.02,19.44,13.71,Monterrey,467.94
43.31,42.51,25.0,10.6,10.02,Monterrey,421.8
46.63,56.68,,24.36,2.34,Michoacán,364.9
46.84,79.59,34.1,11.55,13.52,Jalisco,574.4
18.76,71.88,8.97,21.97,3.53,Michoacán,287.77
47.49,44.57,8.07,18.7,9.87,Jalisco,378.24
11.92,22.58,14.75,13.28,6.65,Michoacán,151.3
45.26,,10.84,11.66,11.36,Michoacán,265.09
28.27,,29.89,17.16,3.04,Yucatán,377.48
43.25,20.1,29.75,9.62,12.3,Jalisco,327.47
20.92,,11.29,,12.43,Monterrey,421.14
40.19,35.62,21.82,16.86,4.99,Jalisco,370.81
42.19,41.97,32.72,19.84,4.11,Monterrey,462.29
13.24,75.24,11.87,9.43,10.31,Jalisco,390.41
46.58,,25.42,6.36,,Monterrey,376.74
42.69,48.69,28.13,,5.73,CDMX,502.43
33.82,46.63,32.61,17.74,9.05,CDMX,464.05
38.32,41.77,24.01,21.07,,Michoacán,313.35
23.83,24.89,21.52,9.37,8.55,Yucatán,217.1
28.82,,20.53,16.22,3.39,Jalisco,346.87
15.89,49.59,16.67,,13.39,Yucatán,221.62
30.0,33.1,20.46,,4.18,Jalisco,303.25
,69.54,12.89,6.82,9.48,Michoacán,276.05
32.34,49.67,26.27,5.63,12.52,CDMX,445.37
15.34,34.31,13.77,14.69,12.41,Yucatán,177.94
43.18,26.02,9.35,19.66,5.35,Jalisco,262.0
39.52,54.67,20.69,6.22,9.1,CDMX,510.27
11.49,48.71,29.6,10.53,9.05,Michoacán,210.04
42.2,62.91,14.22,,7.91,Monterrey,451.71
44.61,79.3,29.89,8.85,14.53,CDMX,619.85
30.5,32.03,,17.38,7.06,Jalisco,343.6
25.14,63.99,24.96,13.75,5.59,Jalisco,406.1
13.34,45.89,,9.96,10.43,Yucatán,269.46
43.13,43.72,15.35,,11.65,Monterrey,377.33
10.15,37.34,21.03,7.53,3.19,Yucatán,192.2
23.74,41.45,14.69,17.75,9.64,Monterrey,329.16
23.11,27.07,11.92,20.55,2.15,Monterrey,286.95
46.48,47.32,23.78,16.62,,Michoacán,289.52
27.97,,28.83,13.06,11.72,CDMX,486.5
45.55,36.77,19.88,8.52,12.49,Jalisco,322.31
13.57,47.22,27.89,19.54,4.14,Yucatán,292.43
43.84,48.32,27.03,6.99,11.47,Michoacán,294.51
34.5,59.58,,9.76,3.12,CDMX,451.91
31.52,55.01,28.15,19.05,14.56,Jalisco,429.37
,76.61,16.56,,2.61,CDMX,465.65
29.61,51.56,29.72,15.68,2.75,Monterrey,387.66
20.94,56.44,17.04,7.72,5.13,Michoacán,237.56
28.23,,26.43,17.4,6.75,Yucatán,326.22
40.75,40.71,26.28,,8.07,Jalisco,406.2
35.02,29.73,,13.45,,Monterrey,333.54
37.22,20.98,,6.33,3.0,Michoacán,234.14
45.69,33.32,32.03,5.61,11.1,CDMX,434.52
12.12,53.5,9.83,23.79,6.14,Michoacán,190.41
17.96,21.65,15.98,14.37,10.55,CDMX,267.03
38.97,39.07,11.22,23.13,10.39,CDMX,371.98
26.33,,12.82,13.23,11.49,Jalisco,244.88
36.01,,13.16,,9.25,Monterrey,418.91
45.91,50.81,34.04,10.5,8.14,Jalisco,439.34
39.44,73.54,26.91,15.2,3.64,Yucatán,394.42
47.32,,23.67,19.97,7.4,CDMX,535.21
16.08,,23.84,17.06,6.34,Jalisco,381.9
40.27,,,17.43,4.14,Michoacán,354.37
38.11,73.8,17.88,7.9,3.59,CDMX,549.67
10.3,42.12,32.14,16.88,5.45,Monterrey,373.37
,,8.28,9.33,12.71,Monterrey,345.68
11.35,44.21,8.52,20.72,9.49,CDMX,334.29
31.1,53.98,15.41,8.82,10.63,Yucatán,265.13
41.06,76.47,25.14,10.99,3.21,Yucatán,386.9
26.21,79.59,31.42,6.85,6.56,Yucatán,389.2
10.13,,8.91,,12.6,Monterrey,342.21
17.0,23.87,22.01,9.64,9.85,Michoacán,169.7
47.94,77.6,24.95,6.86,2.96,Monterrey,561.4
,27.11,9.64,10.26,8.49,Yucatán,178.93
44.14,21.46,20.76,12.87,8.0,Monterrey,345.96
24.82,61.92,32.39,8.73,8.03,Monterrey,491.3
30.85,70.94,17.6,14.43,10.65,Michoacán,319.12
,57.06,20.49,24.72,9.25,Jalisco,399.75
15.38,55.62,23.37,24.26,11.54,Michoacán,312.59
24.65,39.72,11.71,8.32,4.03,Michoacán,163.15
49.99,57.54,20.65,19.65,13.59,Jalisco,436.53
32.57,69.48,22.19,9.65,13.01,Monterrey,473.48
,39.61,,24.11,4.05,Michoacán,235.16
31.97,47.65,28.34,13.34,,Jalisco,360.49
20.52,,11.24,,11.71,Monterrey,381.31
32.65,66.9,14.42,24.64,,Michoacán,307.29
39.13,58.26,,15.37,4.82,Jalisco,450.59
14.23,29.43,15.8,8.39,11.95,Jalisco,235.5
21.14,51.79,10.55,16.57,4.57,Michoacán,220.64
18.36,46.12,21.02,19.62,5.49,Yucatán,253.24
39.8,58.73,17.43,18.99,13.12,Monterrey,457.11
47.43,58.76,19.98,,12.14,Michoacán,333.02
26.99,25.85,12.75,20.18,13.02,Jalisco,258.19
35.33,28.32,34.23,23.82,9.08,Michoacán,260.34
11.25,,11.83,16.82,7.15,CDMX,237.66
,25.75,15.91,15.67,,Yucatán,165.22
25.38,51.46,21.36,20.98,4.54,Yucatán,291.56
36.58,20.16,32.73,,9.82,Michoacán,242.14
35.61,66.97,10.39,12.34,11.04,Jalisco,419.71
17.69,54.12,24.68,17.42,8.72,CDMX,464.15
15.32,,12.52,13.18,4.33,CDMX,437.73
,,25.58,19.57,14.8,Jalisco,464.93
,74.4,23.42,15.88,,Yucatán,356.37
,69.37,29.79,19.8,9.54,Jalisco,484.66
13.81,49.9,9.16,20.69,7.85,Michoacán,229.26
46.41,34.65,,15.15,10.24,Monterrey,378.15
36.72,27.59,27.04,19.79,14.42,Yucatán,294.14
30.4,70.58,13.83,8.42,14.18,Monterrey,447.06
27.25,60.61,8.04,12.45,,Michoacán,246.85
,35.91,31.77,20.44,7.51,Jalisco,327.45
18.57,63.57,34.18,5.35,13.55,Yucatán,375.81
44.24,38.48,15.6,10.08,4.55,Michoacán,287.4
34.89,,17.24,11.64,11.79,Jalisco,307.94
17.76,64.35,16.29,22.22,11.98,Michoacán,274.65
17.57,64.37,25.43,7.36,4.37,CDMX,477.92
24.01,69.43,19.62,9.54,2.08,CDMX,446.66
34.61,70.99,10.09,14.19,9.47,Monterrey,484.62
31.7,52.81,25.04,13.47,4.24,Monterrey,417.62
31.08,35.48,28.89,13.71,,CDMX,396.98
44.76,56.33,33.38,11.97,14.88,Monterrey,523.56
44.45,37.94,18.93,6.72,11.0,Michoacán,299.49
43.81,67.57,10.29,14.01,8.38,Michoacán,365.73
38.1,27.14,12.8,11.63,7.34,Yucatán,219.37
25.7,39.58,20.6,,9.5,Michoacán,300.74
20.77,22.28,26.63,24.54,4.68,Michoacán,179.47
48.23,46.73,25.7,17.42,,Michoacán,288.67
11.81,28.4,29.3,17.74,13.17,CDMX,326.38
34.74,,22.57,6.04,8.15,Michoacán,340.58
43.84,41.34,30.55,17.7,4.59,Yucatán,300.08
20.88,67.39,13.88,13.87,11.63,Monterrey,407.75
49.15,69.72,16.47,7.41,6.17,Monterrey,452.1
45.44,25.52,11.33,23.15,14.64,Monterrey,394.71
17.97,60.12,19.55,,3.72,CDMX,430.28
20.81,40.66,23.25,23.91,13.02,CDMX,404.51
45.89,37.89,20.43,20.18,,Monterrey,394.24
,65.26,16.75,16.97,8.35,Jalisco,354.16
17.54,35.26,,24.14,3.0,Monterrey,266.09
34.34,38.59,27.45,6.8,11.36,CDMX,401.15
15.88,65.41,21.93,14.5,4.04,Monterrey,420.2
32.9,40.97,28.21,15.56,3.34,Jalisco,352.71
33.02,43.55,24.71,12.93,6.38,Monterrey,370.79
33.85,64.46,23.97,20.87,10.19,Monterrey,472.24
20.03,28.31,34.67,10.69,5.66,Yucatán,260.53
42.84,61.57,30.52,10.19,4.85,Jalisco,445.51
48.82,39.39,23.06,6.61,12.56,Monterrey,459.06
21.12,70.65,15.9,,,Jalisco,396.46
44.62,57.1,13.04,12.0,4.03,CDMX,483.33
21.72,20.46,33.82,7.98,,CDMX,310.05
23.96,,34.69,15.66,8.56,CDMX,373.68
41.42,,33.23,23.75,9.74,Yucatán,397.75
15.49,,11.97,24.37,12.93,CDMX,347.62
12.47,21.02,27.04,10.05,14.45,Jalisco,244.84
25.47,64.31,,13.31,14.0,Monterrey,458.64
15.19,60.35,19.12,8.83,4.66,CDMX,407.36
13.18,,14.38,14.89,12.88,Yucatán,228.44
33.55,57.55,30.44,16.6,9.97,CDMX,525.29
17.36,57.63,28.86,13.8,,CDMX,445.0
22.04,,25.84,14.94,9.84,CDMX,519.68
39.16,,25.06,18.29,6.81,Jalisco,325.29
13.72,30.29,30.4,12.3,3.03,CDMX,281.24
49.76,38.13,18.19,20.97,12.21,Monterrey,406.81
22.35,65.99,28.03,20.71,4.26,Yucatán,343.28
31.83,48.31,,8.79,10.54,Michoacán,214.8
41.67,42.09,33.35,13.73,10.68,Jalisco,402.81
19.48,42.88,16.83,23.65,,Yucatán,258.09
23.65,50.48,28.6,7.61,5.35,CDMX,425.73
18.25,39.49,27.81,5.74,,Michoacán,171.57
25.14,60.9,29.82,17.91,5.34,Michoacán,288.93
39.4,21.51,31.06,,9.75,Monterrey,387.12
38.58,55.87,,14.83,12.46,Jalisco,444.51
17.28,41.63,13.37,22.87,11.66,CDMX,353.13
29.08,48.73,14.56,16.9,4.85,CDMX,414.23
37.53,65.18,12.38,17.45,14.01,Yucatán,335.14
39.53,22.13,28.17,21.78,14.45,Jalisco,311.84
35.44,32.99,23.21,5.63,9.02,CDMX,381.24
17.79,50.69,20.75,19.41,,Jalisco,361.07
44.72,57.04,32.03,6.74,8.12,Michoacán,318.75
21.54,,10.11,12.67,12.64,Jalisco,232.14
24.8,31.7,,15.22,3.34,Jalisco,282.37
32.34,57.43,11.87,18.8,12.09,Michoacán,274.66
44.38,63.43,8.07,6.38,11.07,Michoacán,298.68
35.99,46.99,18.0,20.81,14.52,CDMX,457.19
38.07,46.75,21.58,18.3,2.64,Yucatán,332.42
18.65,44.01,9.59,8.3,14.95,Michoacán,200.58
24.1,35.15,19.22,17.69,11.16,Michoacán,204.96
15.48,79.14,13.97,19.29,7.94,CDMX,480.59
39.48,57.55,20.66,14.65,12.8,CDMX,503.15
47.95,41.38,28.62,13.78,7.45,Monterrey,450.25
39.39,35.35,19.53,20.56,8.06,Jalisco,304.16
14.99,35.08,11.85,,8.58,CDMX,301.75
37.73,,,5.25,8.87,Yucatán,269.84
27.33,53.28,,6.22,14.03,Monterrey,357.31
13.68,54.9,30.97,,2.92,Monterrey,409.73
49.98,59.7,25.02,23.73,3.76,CDMX,544.6
38.97,21.42,9.23,13.75,11.47,Yucatán,197.35
34.9,54.61,22.15,15.85,14.59,Yucatán,321.57
44.92,54.89,20.87,7.06,14.19,Monterrey,423.29
23.01,75.16,30.69,10.82,12.9,CDMX,532.11
36.67,33.89,30.77,19.25,13.11,Monterrey,423.48
,22.6,27.76,14.69,12.35,Yucatán,246.78
14.96,,30.2,21.27,3.83,Michoacán,339.28
31.64,53.8,24.48,10.55,11.93,Michoacán,304.88
35.28,26.24,24.02,13.56,8.51,Michoacán,211.0
28.93,39.57,17.39,21.26,7.74,CDMX,387.65
,43.49,19.77,,5.46,Yucatán,257.93
,66.08,23.05,13.49,12.69,Jalisco,389.9
36.59,35.86,20.31,14.18,3.45,CDMX,431.21
43.52,76.98,26.16,9.74,14.84,Monterrey,525.78
46.96,,18.16,13.51,11.59,Monterrey,441.25
25.53,25.71,26.65,14.95,11.61,Jalisco,289.11
47.53,50.45,,11.13,2.76,Yucatán,327.05
42.79,55.02,23.07,7.46,12.52,Jalisco,429.53
26.96,77.52,30.16,12.25,13.58,Monterrey,513.64
26.25,74.73,29.17,,,Yucatán,380.16
23.34,76.44,17.26,,,Jalisco,414.4
12.76,58.82,27.91,21.87,7.63,Monterrey,425.38
10.39,58.57,19.23,15.88,8.67,Monterrey,363.14
19.82,61.08,9.82,,10.26,Monterrey,390.4
20.18,22.94,9.03,14.68,11.82,Jalisco,204.34
39.19,35.86,31.65,9.37,7.93,Michoacán,285.47
16.29,35.28,11.15,10.96,9.88,Yucatán,228.57
37.7,66.87,28.56,8.84,5.49,CDMX,534.6
39.21,,18.52,14.21,,Monterrey,319.58
28.39,64.63,13.87,12.22,4.09,Yucatán,324.68
14.71,45.08,14.38,11.95,4.27,Yucatán,190.81
38.78,,21.83,22.82,,Yucatán,350.69
46.55,74.23,33.42,10.93,6.91,Jalisco,510.86
24.65,38.13,23.2,9.01,5.11,Monterrey,335.95
40.35,66.41,21.89,8.07,11.87,Jalisco,403.41
39.68,65.5,17.75,5.15,4.55,CDMX,516.07
12.16,42.59,11.6,11.38,14.6,CDMX,301.19
12.23,39.56,11.4,17.77,,CDMX,335.26
37.06,20.21,,17.97,14.17,Monterrey,320.13
43.24,47.78,18.82,,7.14,Michoacán,271.91
46.82,30.66,16.68,23.33,9.95,CDMX,430.96
,20.65,14.32,7.85,5.81,Monterrey,184.65
33.34,,29.01,22.02,14.62,Yucatán,335.77
21.28,27.53,34.71,6.81,4.54,Michoacán,225.38
18.91,38.37,15.49,13.63,11.47,Jalisco,315.02
39.54,,27.92,15.05,9.8,Yucatán,383.56
26.53,64.7,12.25,,14.75,Michoacán,301.55
,77.12,27.21,,6.46,Jalisco,444.89
43.78,,15.23,21.09,9.04,Michoacán,373.96
19.55,50.91,31.85,24.43,9.35,CDMX,462.96
31.13,76.73,11.86,21.48,14.26,Jalisco,446.92
43.11,40.54,22.26,9.42,12.56,Yucatán,278.67
15.28,53.03,26.65,9.27,8.39,Michoacán,220.54
33.85,,,11.55,9.85,Monterrey,391.42
43.49,21.34,,22.14,9.86,Yucatán,262.28
40.58,22.12,32.25,18.37,10.36,Michoacán,260.49
45.38,34.28,27.84,13.42,5.97,Jalisco,359.14
11.3,,17.17,11.42,4.42,Michoacán,288.66
37.66,74.26,15.77,11.88,7.15,Yucatán,365.58
18.16,58.2,8.27,17.41,2.12,CDMX,368.63
32.28,,26.9,5.14,4.07,Monterrey,304.6
40.99,77.15,34.26,8.36,,Monterrey,540.12
26.81,23.96,31.0,21.07,8.02,Monterrey,283.82
38.17,,11.11,8.35,2.09,CDMX,384.53
43.62,57.23,30.73,21.74,4.94,Monterrey,532.2
47.83,62.58,24.38,11.45,2.22,CDMX,517.86
31.8,75.53,10.53,,12.87,Jalisco,436.05
22.64,40.62,25.8,8.5,13.87,Monterrey,340.92
25.6,42.45,9.79,5.84,6.84,Jalisco,260.7
44.62,52.61,8.74,21.3,11.93,CDMX,481.24
19.61,34.97,27.72,10.13,3.59,CDMX,350.83
45.33,52.88,30.1,7.4,14.86,Monterrey,487.63
12.31,40.88,17.67,22.82,4.92,Yucatán,264.94
48.85,75.76,11.3,,9.52,Jalisco,486.95
14.76,38.48,19.69,5.81,12.37,CDMX,352.02
45.34,58.04,23.37,8.08,9.07,Yucatán,337.17
,43.13,22.97,19.82,11.1,CDMX,439.42
32.45,79.15,27.18,22.72,3.1,Yucatán,425.34
49.23,73.51,30.95,14.68,3.87,Yucatán,405.84
,39.08,34.33,24.32,6.8,Monterrey,459.21
41.94,20.34,20.76,13.38,4.93,Yucatán,245.23
36.06,37.77,16.18,23.74,14.84,Michoacán,227.38
37.11,,16.55,11.38,,Michoacán,263.47
15.34,40.18,13.68,15.43,3.99,Monterrey,279.88
,59.51,25.35,,3.19,Michoacán,304.98
27.17,39.9,19.5,19.27,14.6,CDMX,416.16
,,26.14,17.92,3.73,Yucatán,259.37
10.45,73.75,13.69,11.31,5.65,Monterrey,395.83
10.65,37.45,24.95,5.8,,Jalisco,271.78
39.5,,31.9,23.58,13.44,Yucatán,365.75
27.9,51.22,30.86,14.04,4.73,CDMX,412.02
,35.54,34.41,16.51,,Monterrey,382.65
20.14,28.99,20.92,12.71,13.75,Jalisco,274.03
31.63,41.26,11.85,12.7,11.17,CDMX,348.0
15.09,,14.94,8.91,8.99,CDMX,363.96
16.54,41.57,29.98,,9.43,Jalisco,291.83
42.71,68.77,19.75,22.94,5.88,Jalisco,460.08
11.1,52.02,27.18,24.74,12.82,Jalisco,374.07
46.64,78.43,26.7,20.3,12.97,CDMX,612.31
23.53,38.14,26.31,24.6,7.39,Michoacán,226.61
47.29,34.89,8.78,17.52,11.42,CDMX,390.63
12.55,22.63,26.28,8.77,14.94,Jalisco,237.04
22.51,71.76,24.77,22.38,10.56,Michoacán,310.34
33.73,48.67,15.6,,6.82,Monterrey,438.45
47.51,37.74,8.59,14.13,,CDMX,398.69
13.6,21.68,18.56,16.8,11.23,Michoacán,151.12
42.37,57.37,22.54,15.86,3.25,Jalisco,433.87
34.52,,28.14,17.11,11.76,Jalisco,377.46
35.6,59.07,30.97,19.62,,Monterrey,467.4
49.69,26.72,33.11,19.33,8.7,Yucatán,353.27
22.84,,14.04,21.33,4.11,Michoacán,228.66
24.41,28.22,13.83,8.31,5.48,Jalisco,231.77
31.43,59.25,20.35,,5.13,Yucatán,344.93
,64.18,16.36,7.17,12.76,Jalisco,437.13
22.47,,,18.81,10.75,CDMX,453.83
38.25,67.6,34.12,21.75,2.89,Jalisco,476.99
13.28,72.67,26.53,18.47,8.17,Monterrey,460.48
17.79,71.7,27.72,17.25,7.35,Yucatán,348.93
10.53,68.61,29.06,11.03,4.02,CDMX,471.09
39.98,,10.82,22.83,13.83,CDMX,413.9
47.92,,31.92,13.3,7.27,CDMX,668.56
40.75,49.14,25.59,24.07,9.99,Michoacán,315.29
16.91,28.11,13.72,24.39,,CDMX,337.19
21.35,68.58,20.39,9.94,,CDMX,451.87
36.85,68.63,16.49,19.53,,CDMX,552.35
22.38,,33.24,7.23,8.55,Monterrey,373.33
26.27,,21.25,23.1,9.36,CDMX,457.55
,26.47,32.65,7.63,13.15,Jalisco,261.54
31.37,27.3,16.38,7.56,12.8,Monterrey,289.66
44.78,43.9,32.15,21.69,4.39,Yucatán,393.61
,34.2,27.95,8.84,11.28,Michoacán,178.32
31.18,71.91,32.98,14.35,4.11,Michoacán,324.78
36.6,71.87,,9.06,13.19,Michoacán,314.38
10.26,28.4,16.85,17.69,12.96,Michoacán,156.54
20.12,38.66,32.41,19.06,6.59,Jalisco,322.73
32.69,47.03,8.35,13.36,11.87,Yucatán,268.81
43.01,27.4,11.37,19.68,,Michoacán,237.84
19.12,27.17,9.24,7.14,12.93,CDMX,246.44
45.95,48.48,29.46,22.15,10.26,Michoacán,358.78
,56.43,34.28,19.61,2.48,Michoacán,357.49
25.76,30.12,27.4,,6.99,Michoacán,209.07
42.54,29.2,32.87,9.16,13.61,Jalisco,356.23
43.97,,32.93,12.21,8.18,Michoacán,349.69
,75.0,26.79,18.05,10.1,Yucatán,368.02
14.61,20.07,24.5,19.05,11.24,Jalisco,224.12
14.04,65.91,17.78,23.71,9.24,Jalisco,373.46
45.23,20.66,21.24,11.75,,Michoacán,250.88
29.78,76.46,21.91,13.11,13.13,Jalisco,487.86
36.86,40.84,33.61,19.05,13.05,Monterrey,477.78
25.6,66.17,,,8.13,Yucatán,277.8
41.21,51.35,32.06,18.63,,Jalisco,435.03
,42.1,,16.15,4.85,Jalisco,352.31
45.7,43.19,27.13,7.89,10.76,Michoacán,263.74
35.67,61.13,23.06,13.26,14.52,Monterrey,446.61
45.68,72.98,8.81,5.74,5.48,CDMX,486.99
44.67,68.49,10.39,21.05,8.46,Monterrey,461.12
20.87,,12.86,23.79,7.23,Michoacán,216.18
33.54,65.74,17.51,,10.53,Michoacán,286.6
20.49,30.17,8.72,13.08,4.36,Jalisco,205.76
35.51,20.05,18.26,8.87,9.22,CDMX,293.11
45.89,61.35,9.27,12.92,13.66,CDMX,496.6
29.33,,28.41,10.32,3.15,Michoacán,193.66
42.98,44.22,30.28,23.97,,Jalisco,446.41
10.68,69.14,22.99,17.35,2.93,CDMX,476.47
44.69,43.08,,14.89,9.12,Monterrey,374.12
47.77,23.17,26.71,15.99,13.37,Monterrey,391.48
22.54,21.08,11.34,7.9,9.19,CDMX,249.22
38.39,74.43,33.82,23.27,13.04,CDMX,659.61
42.77,69.17,,7.15,4.01,Jalisco,447.36
,59.24,,12.17,2.44,Monterrey,401.89
26.58,,28.08,12.68,12.3,Jalisco,283.24
18.26,65.85,23.19,,4.24,Monterrey,456.99
39.86,45.94,9.53,10.49,,CDMX,437.23
26.24,24.98,30.95,15.45,11.49,Monterrey,317.26
10.01,65.33,29.46,21.21,14.78,Jalisco,404.99
20.51,61.62,27.01,23.91,2.79,Yucatán,350.2
18.13,32.75,12.59,12.33,8.94,CDMX,303.64
12.99,39.48,11.57,,11.42,Michoacán,178.06
31.23,77.71,24.82,6.05,4.64,Yucatán,371.31
23.48,26.98,11.84,10.74,8.39,Yucatán,221.62
18.76,68.94,29.33,16.92,,Michoacán,303.07
47.47,59.04,17.18,12.29,4.68,Michoacán,277.92
22.95,33.47,11.81,6.3,2.78,Michoacán,203.42
15.11,54.16,15.79,5.65,3.43,Michoacán,193.66
30.93,,13.95,5.95,6.69,Monterrey,362.64
45.69,22.82,18.12,10.25,5.04,CDMX,328.0
41.12,61.31,25.36,16.34,9.29,CDMX,505.49
15.93,23.06,27.14,13.87,6.05,Monterrey,244.11
21.96,53.67,30.92,14.01,5.52,Jalisco,394.65
19.49,22.63,,19.98,,CDMX,263.83
47.11,67.22,,9.46,4.86,Jalisco,470.7
21.17,78.08,12.91,23.58,,CDMX,521.67
16.78,24.08,10.34,,12.48,Yucatán,186.31
,72.72,33.41,21.96,2.63,CDMX,610.61
34.47,67.05,16.05,18.54,10.71,Monterrey,443.09
16.34,44.64,16.27,8.15,12.78,Monterrey,350.28
10.98,,34.48,7.9,8.51,Jalisco,268.49
13.79,64.52,8.28,5.97,8.87,CDMX,406.01
36.04,64.1,32.97,12.42,5.9,CDMX,556.62
16.54,59.82,11.57,15.29,3.38,Monterrey,341.09
20.35,38.72,22.08,16.91,2.96,Yucatán,252.38
37.03,47.26,9.99,13.03,3.29,Michoacán,222.33
44.85,20.74,8.78,7.02,5.24,Jalisco,234.95
48.11,40.28,23.37,12.1,,CDMX,438.94
25.34,49.25,21.2,16.37,7.73,Yucatán,318.13
19.05,35.46,14.7,22.02,4.11,Michoacán,215.51
39.57,53.81,23.35,13.33,8.42,Michoacán,287.22
38.5,36.06,29.43,9.8,4.75,Michoacán,234.42
48.98,58.88,26.26,21.93,11.56,Monterrey,502.47
,54.76,15.21,,5.53,Yucatán,257.42
45.13,71.84,24.55,23.21,3.78,Michoacán,347.15
17.03,31.66,,13.44,,Monterrey,281.35
39.89,65.56,22.59,7.37,,Jalisco,448.0
49.82,72.45,19.6,16.98,4.77,Yucatán,407.08
19.27,22.52,21.33,20.8,12.34,Michoacán,184.91
39.69,45.04,22.5,19.82,5.36,CDMX,470.7
40.97,40.85,15.96,23.77,9.96,Monterrey,378.12
21.24,21.35,20.46,7.07,11.55,Jalisco,268.8
46.85,66.37,31.38,24.0,13.4,Monterrey,551.82
,72.71,31.72,9.36,2.07,Michoacán,297.01
19.16,65.95,11.54,14.91,14.86,Jalisco,371.29
21.78,63.48,26.15,22.61,4.17,CDMX,476.85
,41.25,23.19,11.64,11.32,Yucatán,215.96
19.81,34.69,26.5,11.42,12.74,Michoacán,194.01
41.49,49.82,13.48,16.95,7.75,Michoacán,250.59
20.69,26.04,22.8,7.22,8.96,Jalisco,240.64
30.26,58.35,30.45,24.84,5.04,Monterrey,467.14
15.41,56.6,,13.26,6.42,Yucatán,350.1
33.67,74.13,34.01,7.78,2.7,Monterrey,493.48
,74.37,,22.45,3.94,Michoacán,376.69
18.73,77.97,,6.05,9.71,Michoacán,325.08
,24.09,,22.54,4.46,Yucatán,192.33
38.07,63.5,18.66,10.56,10.5,CDMX,473.61
35.34,38.8,18.91,13.02,5.34,Yucatán,262.66
29.29,,13.28,10.64,8.02,Jalisco,376.77
,53.61,32.16,5.72,4.34,Michoacán,298.21
49.09,78.93,23.02,24.05,8.45,Yucatán,462.18
39.3,48.33,34.62,6.74,3.36,Yucatán,318.39
,27.12,9.89,5.35,4.15,Michoacán,208.43
15.89,57.68,30.01,20.07,10.87,Jalisco,398.84
16.38,46.44,8.67,19.56,,Monterrey,294.35
49.96,39.9,26.66,11.84,13.14,Monterrey,428.45
25.06,56.28,,5.01,14.33,Jalisco,366.41
32.38,70.9,31.84,5.36,3.96,Yucatán,399.93
47.79,34.55,20.26,8.42,6.59,Monterrey,384.32
34.16,60.48,,17.08,11.98,Yucatán,309.27
44.8,64.11,24.56,10.04,3.35,Jalisco,486.43
38.29,77.76,30.71,10.62,7.82,CDMX,624.51
44.24,33.01,30.29,24.26,4.08,CDMX,459.73
28.81,,29.12,22.99,9.21,Yucatán,371.35
47.98,62.03,29.57,7.53,10.75,Yucatán,400.63
15.01,22.94,24.62,,14.89,Monterrey,296.26
42.31,72.2,10.83,9.92,,CDMX,567.8
19.41,40.46,12.91,5.44,9.25,CDMX,301.16
34.75,60.55,26.56,8.33,3.47,Monterrey,465.4
,44.25,13.22,7.01,3.44,Yucatán,290.56
38.04,73.87,,21.07,5.67,CDMX,584.07
27.58,68.42,9.61,5.69,2.03,Monterrey,393.24
47.21,48.04,9.64,5.77,,Monterrey,371.81
16.47,76.91,9.64,17.09,10.45,Michoacán,265.2
38.8,66.15,12.54,23.55,7.52,Yucatán,379.96
20.13,45.97,21.32,,8.93,Monterrey,319.14
37.52,73.21,19.16,19.58,7.34,Yucatán,417.24
17.62,51.75,28.69,12.36,2.99,Yucatán,299.81
11.91,53.55,19.98,13.7,13.32,Michoacán,271.55
41.39,26.58,24.36,12.5,11.96,Michoacán,251.08
42.7,73.61,14.65,17.44,7.23,Monterrey,478.88
16.5,43.52,31.4,7.51,,Yucatán,301.2
42.28,48.82,23.24,7.31,4.79,CDMX,444.47
23.12,79.27,31.13,11.73,,Monterrey,501.48
32.85,69.55,14.73,,,Yucatán,358.27
34.08,,34.71,22.46,2.11,Jalisco,336.01
46.55,,15.02,24.83,6.57,CDMX,553.09
32.81,34.13,25.66,24.3,2.79,Monterrey,408.26
44.76,29.94,12.35,15.57,4.15,Monterrey,304.33
26.86,69.23,,20.93,3.47,CDMX,465.48
36.13,52.24,25.02,24.45,10.21,Michoacán,304.26
17.66,48.31,31.39,19.19,5.61,CDMX,449.23
38.49,26.5,10.09,23.46,,Monterrey,302.35
47.11,25.66,22.64,8.26,4.63,Michoacán,235.31
27.09,44.04,31.13,23.96,9.23,CDMX,417.12
35.89,76.45,27.42,,7.62,Yucatán,406.12
31.77,33.18,24.17,6.14,6.58,Michoacán,228.01
10.58,63.25,25.64,24.63,12.71,Jalisco,393.06
46.31,52.1,,24.77,3.2,Yucatán,349.63
42.37,,32.69,7.15,4.13,Yucatán,366.94
26.62,,14.97,13.23,,Jalisco,461.56
13.64,,30.24,17.72,,Monterrey,494.24
,70.96,27.18,22.02,13.14,Monterrey,497.69
31.03,23.12,13.57,12.44,11.35,Michoacán,141.85
19.77,79.29,29.84,,,Yucatán,381.14
43.3,76.65,13.17,7.89,,Jalisco,471.52
21.82,,11.28,,8.64,CDMX,266.4
18.2,,22.39,13.11,14.4,Michoacán,273.29
16.91,21.59,,15.56,,Michoacán,124.03
,26.4,31.6,23.41,4.41,Yucatán,286.62
31.86,72.03,16.57,22.88,12.85,Jalisco,463.27
37.84,22.58,19.69,13.65,6.51,Monterrey,328.66
21.61,35.51,16.23,22.28,6.96,Monterrey,333.62
26.0,49.5,30.11,,3.79,Jalisco,331.93
45.82,35.67,19.4,9.25,13.04,Yucatán,261.54
23.22,76.02,26.14,,9.59,CDMX,568.09
46.12,39.46,12.75,5.97,5.81,Monterrey,377.95
48.65,62.88,9.62,,9.64,Michoacán,304.61
10.78,66.39,,,5.83,Yucatán,302.03
29.77,,22.82,7.88,11.99,Yucatán,223.48
34.88,43.1,25.33,15.22,3.88,Michoacán,250.69
10.5,31.8,29.75,14.95,6.69,Yucatán,237.2
24.01,35.39,18.02,17.78,14.31,Monterrey,286.83
11.12,44.66,31.09,6.13,12.25,CDMX,382.92
34.66,23.34,9.57,12.39,13.35,Michoacán,185.17
28.53,,12.0,21.14,6.11,CDMX,419.62
20.52,31.5,21.83,5.51,,Yucatán,188.91
41.1,25.08,,17.77,2.78,Monterrey,352.53
31.72,46.76,20.17,11.82,,Jalisco,368.44
23.3,40.43,11.86,18.51,4.88,Yucatán,273.62
47.41,78.5,26.04,10.85,4.32,Jalisco,528.8
,68.05,18.47,23.08,6.54,Yucatán,406.95
17.3,36.22,15.45,11.02,10.28,Michoacán,200.39
49.14,55.49,13.06,21.92,2.92,CDMX,510.29
33.5,52.08,32.19,8.46,,Michoacán,308.16
45.01,31.08,29.47,24.61,5.28,Monterrey,402.99
21.66,65.88,12.56,12.25,11.22,Monterrey,375.39
11.86,62.05,8.28,,13.42,CDMX,362.22
10.5,27.68,11.31,21.75,7.03,Jalisco,233.79
27.24,63.49,10.98,6.52,7.57,Michoacán,271.53
10.18,57.72,,8.01,13.57,Yucatán,317.57
27.82,20.59,19.01,11.76,2.61,Michoacán,187.04
39.76,23.1,17.97,12.78,11.39,CDMX,343.61
36.73,52.84,19.68,21.23,14.41,Michoacán,303.29
39.28,,28.05,9.5,8.47,Michoacán,254.95
33.78,56.42,,21.21,2.99,Michoacán,302.85
48.16,30.37,27.54,19.7,7.81,Yucatán,292.42
19.6,61.22,23.98,,8.97,Monterrey,447.38
46.15,42.19,16.19,21.73,,Michoacán,276.49
49.27,,15.99,19.85,9.46,Monterrey,534.07
10.14,31.49,15.35,8.62,,Yucatán,187.26
27.25,59.21,33.25,14.53,4.78,Michoacán,309.34
37.04,78.35,11.2,20.66,13.95,Yucatán,358.49
34.58,49.33,15.5,9.57,2.22,Michoacán,263.77
49.57,36.75,30.38,,12.06,Yucatán,399.94
36.41,38.89,34.62,,,Michoacán,277.96
34.7,31.4,13.87,20.73,,CDMX,354.73
47.05,54.39,34.22,7.1,14.9,Michoacán,313.08
46.08,50.79,27.72,16.1,5.53,Michoacán,295.79
43.37,52.99,18.32,,4.5,Yucatán,335.24
26.29,61.0,17.25,16.02,5.22,Jalisco,382.16
37.9,21.07,31.42,6.9,8.17,Monterrey,343.44
48.24,,15.5,,10.71,Monterrey,324.26
19.6,32.8,16.39,17.67,6.98,Jalisco,286.29
29.52,20.41,8.68,15.15,9.63,Monterrey,231.69
40.3,31.13,,12.07,11.83,Monterrey,375.03
33.91,70.73,13.76,9.99,6.41,Yucatán,322.2
41.35,59.0,34.84,15.22,13.72,Jalisco,497.13
20.56,29.67,12.12,6.13,14.36,CDMX,293.12
15.23,,31.8,23.82,12.6,Michoacán,187.5
28.85,34.96,11.98,,4.89,CDMX,302.38
36.59,62.8,18.7,11.31,8.34,Monterrey,472.11
33.9,46.76,24.96,21.53,5.4,Yucatán,282.9
34.43,52.13,,24.2,12.37,Monterrey,497.25
13.71,52.14,32.09,15.34,4.29,Michoacán,243.06
29.65,34.14,13.5,19.72,,Yucatán,214.92
18.1,,12.73,23.74,5.58,Yucatán,216.33
38.43,29.48,27.39,,14.17,Yucatán,268.52
32.34,77.86,14.56,,13.11,Monterrey,465.04
34.03,76.37,,20.95,7.96,Jalisco,493.64
33.82,64.87,8.84,14.74,14.58,Yucatán,321.61
22.25,58.84,13.09,19.19,,Yucatán,335.46
13.33,33.5,11.03,12.89,10.71,Jalisco,209.32
26.52,27.01,26.25,7.68,3.55,Jalisco,221.67
21.91,76.07,8.67,6.17,3.51,CDMX,412.11
,36.84,22.91,23.08,5.53,Yucatán,254.52
18.93,31.37,29.06,21.6,13.71,Yucatán,247.77
18.95,75.49,11.27,21.2,,Monterrey,457.99
23.01,29.38,11.88,9.63,5.14,Yucatán,218.42
16.93,,12.24,24.4,6.61,Jalisco,237.39
26.08,30.69,,22.65,,Jalisco,264.19
42.96,,28.24,15.04,7.52,Michoacán,218.01
44.08,31.05,17.13,24.21,7.14,Michoacán,278.17
14.33,47.25,,19.53,10.95,Michoacán,247.51
23.23,51.84,8.7,5.39,,Jalisco,286.63
34.53,30.07,29.51,24.4,11.01,CDMX,417.63
19.08,63.0,8.36,,,Yucatán,305.35
46.78,52.13,34.02,6.43,6.27,Monterrey,472.23
38.27,56.03,34.22,12.28,,Monterrey,484.51
18.81,,8.89,13.18,14.94,Jalisco,263.47
14.27,31.92,10.11,21.85,12.31,Yucatán,185.62
12.95,,,5.56,5.38,Yucatán,285.62
17.52,41.18,17.43,17.96,3.45,CDMX,356.32
25.82,51.31,25.14,22.95,,Yucatán,316.11
40.03,64.49,25.65,18.14,4.59,Michoacán,335.59
15.64,,8.73,12.72,11.06,Yucatán,264.61
11.46,46.91,13.96,14.3,14.88,Yucatán,223.14
45.67,78.35,26.18,23.57,3.75,Jalisco,502.38
23.42,51.66,13.34,6.47,2.05,Michoacán,267.94
23.21,67.62,9.29,13.99,,Jalisco,362.31
31.0,24.63,,16.88,13.34,Jalisco,281.07
26.79,25.57,12.1,7.36,11.84,Jalisco,208.29
21.81,56.86,32.26,17.05,11.14,Yucatán,295.0
38.62,43.12,30.36,6.87,6.18,Yucatán,327.86
41.69,65.84,28.48,24.54,4.02,CDMX,645.54
43.05,54.31,30.45,10.64,7.8,Monterrey,477.23
40.8,57.07,29.61,14.89,4.43,Michoacán,317.29
37.62,30.05,29.33,24.79,8.9,Monterrey,411.42
17.72,53.11,34.92,10.48,,Yucatán,308.38
39.27,52.68,28.31,14.65,9.61,Michoacán,338.44
20.99,64.25,21.11,18.53,14.81,Yucatán,318.09
38.87,62.19,26.11,,4.87,Monterrey,530.08
13.91,57.37,11.67,13.65,9.97,Michoacán,219.61
